pair_id,adr_ticker,underlying_ticker,open_date,close_date,duration_days,adr_open_price,adr_cover_price,local_open_price_usd,local_close_price_usd,local_return,adr_return,roce,ruce,roll_cost_pct,borrow_cost,fx_open,fx_close,fx_pnl,roce_net,ruce_net,ruce_net_fx,close_reason,was_aborted,spans_adj_change
134517__314713,134517,314713,2021-11-05,2021-11-16,11,9.899026921648801,9.61948876,19.71669958860276,19.24217186343138,-0.024067300058965325,0.028238953572038684,0.004171653513073359,0.03241060708511204,0.015522999999999999,0.000301,0.0008467759,0.0008470377,0.000309,0.00387028365005966,0.032109237222098345,0.03180759872260231,convergence,False,False
134517__314713,134517,314713,2021-12-29,2022-01-03,5,9.610222401236602,9.328293379999998,18.72398851839036,18.512132462227736,-0.011314686288903818,0.029336368032474053,0.018021681743570234,0.047358049776044284,0.015522999999999999,0.000137,0.0008403644,0.0008350451,-0.00633,0.017884695442200373,0.04722106347467442,0.05351906317459909,convergence,False,False
134517__314713,134517,314713,2024-02-23,2024-02-26,1,8.962902,9.3885411016488,0.0,0.0,0.0,-0.04748898310489169,-0.04748898310489169,-0.09497796620978338,0.015522999999999999,0.0,0.0,0.0,0.0,-0.04748898310489169,-0.09497796620978338,-0.09497796620978338,overnight_abort,True,False
134517__314713,134517,314713,2024-05-30,2024-06-12,13,7.0906512604122005,7.299967442061,13.968513775469138,14.36101448749136,0.028098960156485244,-0.029520022063055353,-0.0014210619065701084,-0.03094108396962546,0.015522999999999999,0.000356,0.0007230057,0.0007264855,0.004813,-0.0017772262901317522,-0.031297248353187104,-0.03622174961515663,convergence,False,False
134517__314713,134517,314713,2024-07-17,2024-07-19,2,7.3197036983512005,7.1794719987634,14.520676208244076,14.163012256919492,-0.024631356432389926,0.019158111498336745,-0.005473244934053181,0.013684866564283565,0.015522999999999999,5.5e-05,0.000721597,0.0007204636,-0.001571,-0.005528039454601126,0.01363007204373562,0.015164476863936974,convergence,False,False
134517__314713,134517,314713,2024-08-08,2024-08-19,11,7.200197541648801,7.299967442061,14.265941530353421,14.474244352082295,0.014601407224729647,-0.013856550439774816,0.0007448567849548306,-0.013111693654819985,0.015522999999999999,0.000301,0.0007323137,0.0007527003,0.027839,0.000443486921941132,-0.013413063517833683,-0.04089315492809054,convergence,False,False
134517__314713,134517,314713,2024-11-29,2024-12-03,4,8.962902,8.4145425608244,17.310775752005174,16.2166907636835,-0.06320253950461716,0.061181014717733205,-0.0020215247868839506,0.059159489930849254,0.015522999999999999,0.00011,0.0007112578,0.000707649,-0.005074,-0.002131113827979841,0.059049900889753364,0.06382729006918522,convergence,False,False
134517__314713,134517,314713,2025-05-15,2025-06-04,20,9.928903958763401,10.894724704122,19.3680090513846,22.161190144959605,0.14421622202697817,-0.09727365169104599,0.04694257033593219,-0.0503310813551138,0.015522999999999999,0.000548,0.0007147324,0.0007377161,0.032157,0.046394625130452734,-0.05087902656059325,-0.08652732321861858,convergence,False,False
134517__314713,134517,314713,2025-06-17,2025-06-25,8,10.546349015878,13.756471399999999,20.53036745407053,26.85587584856982,0.3081049771101462,-0.3043823392615791,0.003722637848567134,-0.30065970141301196,0.015522999999999999,0.000219,0.0007266756,0.0007364474,0.013447,0.0035034597663753534,-0.30087887949520375,-0.31823591031006576,convergence,False,False
134517__314713,134517,314713,2025-07-16,2025-07-18,2,13.81282786,13.103793104122,26.8215944034024,26.299557823904347,-0.019463294077395756,0.05133161457338259,0.031868320495986834,0.08319993506936943,0.015522999999999999,5.5e-05,0.000718396,0.0007231678,0.006642,0.03181352597543889,0.08314514054882148,0.07667509991188853,convergence,False,False
134517__314713,134517,314713,2025-11-24,2025-12-02,8,17.129098612366,17.45164538061,33.760985943333196,34.795956726041595,0.03065582220985982,-0.01883034102046345,0.011825481189396369,-0.007004859831067082,0.015522999999999999,0.000219,0.0006823237,0.000682091,-0.000341,0.011606303107204587,-0.007224037913258863,-0.006872422645166832,convergence,False,False
27604J__315206,27604J,315206,2021-06-21,2021-06-25,4,35.778616120286,37.064897150143,35.67088563168014,36.85592392093632,0.03322144287339243,-0.03595111184660073,-0.0027296689732082963,-0.038680780819809024,0.011307000000000001,0.00011,0.0008820324,0.0008847873,0.003123,-0.0028392580143041866,-0.038790369860904915,-0.04200743881405563,convergence,False,False
27604J__315206,27604J,315206,2022-01-11,2022-01-18,7,33.267147203095,32.539638806333,32.91722805318335,32.663923853959474,-0.007695186205066255,0.021868673990005198,0.014173487784938942,0.03604216177494414,0.011307000000000001,0.000192,0.0008431988,0.0008416021,-0.001894,0.013981706963021133,0.03585038095302633,0.037732996379231304,convergence,False,False
27604J__315206,27604J,315206,2022-02-25,2022-03-03,6,32.998056086618995,31.706846623667005,32.41669600812589,31.337202230983685,-0.03330054910196917,0.03912986448542909,0.005829315383459925,0.04495917986888902,0.011307000000000001,0.000164,0.0008325147,0.0008211393,-0.013664,0.00566493182181609,0.044794796307245185,0.058186668957531835,convergence,False,False
27604J__315206,27604J,315206,2022-03-16,2022-03-23,7,31.622716883524,31.907519813524004,31.875208723309875,31.989313088721453,0.003579721356558045,-0.009006276438834148,-0.005426555082276104,-0.014432831521110252,0.011307000000000001,0.000192,0.0008260503,0.0008189572,-0.008587,-0.005618335904193912,-0.014624612343028061,-0.0059324715064199675,convergence,False,False
27604J__315206,27604J,315206,2022-08-10,2022-08-26,16,28.084716443667002,26.990942879714,27.75367901843141,26.537277659072952,-0.04382847256216506,0.03894550853475475,-0.004882964027410307,0.034062544507344444,0.011307000000000001,0.000438,0.0007659959,0.0007429531,-0.030082,-0.005321320191793868,0.03362418834296088,0.06327998932480544,convergence,False,False
27604J__315206,27604J,315206,2023-12-13,2023-12-14,1,28.722567552952004,29.429166736762003,0.0,0.0,0.0,-0.024600836346100864,-0.024600836346100864,-0.04920167269220173,0.011307000000000001,0.0,0.0,0.0,0.0,-0.024600836346100864,-0.04920167269220173,-0.04920167269220173,overnight_abort,True,False
27604J__315206,27604J,315206,2024-09-26,2024-10-10,14,44.628597823381,42.222274486762004,43.141388477279094,42.591157541856,-0.012754131353766695,0.05391886489784179,0.0411647335440751,0.09508359844191688,0.011307000000000001,0.000384,0.0007631839,0.000741114,-0.028918,0.040781171900239485,0.09470003679808127,0.1240995861203658,convergence,False,False
27604J__315206,27604J,315206,2025-02-20,2025-02-24,4,34.044509026476,33.31224618985701,33.40908478328755,32.49224286762493,-0.027442892303390896,0.02150898507743264,-0.005933907225958254,0.015575077851474387,0.011307000000000001,0.00011,0.0006973501,0.0006973501,0.0,-0.006043496267054145,0.015465488810378496,0.015465488810378496,convergence,False,False
27604J__315206,27604J,315206,2025-04-09,2025-04-10,1,31.313767983381002,30.833894116476003,0.0,0.0,0.0,0.015324692549286305,0.015324692549286305,0.03064938509857261,0.011307000000000001,0.0,0.0,0.0,0.0,0.015324692549286305,0.03064938509857261,0.03064938509857261,overnight_abort,True,False
27604J__315206,27604J,315206,2025-10-14,2025-11-12,29,48.774536849857,55.01538223676201,48.86932045926892,55.289854075292375,0.13138168396212452,-0.12795293999646262,0.0034287439656618957,-0.12452419603080073,0.011307000000000001,0.000795,0.0007035861,0.0006799483,-0.033596,0.00263422341771669,-0.12531871657874594,-0.0859872350982275,convergence,False,False
27604J__315206,27604J,315206,2025-11-24,2025-12-05,11,53.219448620286,54.43341925000001,53.00025674713937,54.3124937355,0.02475906851963425,-0.022810657779931753,0.0019484107397024983,-0.020862247040229254,0.011307000000000001,0.000301,0.0006823237,0.0006804525,-0.002742,0.0016470408766887997,-0.021163616903242952,-0.018345596293407755,convergence,False,False
29235P__29235V,29235P,29235V,2021-01-19,2021-01-22,3,9.17370562938362,10.102414525530255,17.998839107829713,19.970250123275818,0.10952989821374184,-0.10123595999984515,0.008293938213896693,-0.09294202178594846,0.014196,8.2e-05,0.0009112862,0.0009068732,-0.004843,0.008211746433074775,-0.09302421356677038,-0.0876250514338312,convergence,False,False
29235P__29235V,29235P,29235V,2021-08-25,2021-08-31,6,8.64244619103707,8.46834144174951,16.471265446694833,16.58104801862834,0.0066650963940076,0.020145309029302467,0.026810405423310067,0.04695571445261253,0.014196,0.000164,0.0008541861,0.000864992,0.012651,0.02664602186166623,0.0467913308909687,0.03421558179141166,convergence,False,False
29235P__29235V,29235P,29235V,2022-10-04,2022-10-06,2,4.39237419436917,4.6715249183470755,8.587473760964262,9.040717413421001,0.05277962589149692,-0.06355349331023859,-0.010773867418741666,-0.07432736072898025,0.014196,5.5e-05,0.0007056914,0.0007057263,4.9e-05,-0.010828661939289611,-0.0743821552495282,-0.07443421793862406,convergence,False,False
29235P__29235V,29235P,29235V,2023-12-01,2023-12-14,13,4.639030375725452,4.796483507652669,8.905952290930271,9.293999534375512,0.043571673277480315,-0.03394095730675065,0.009630715970729661,-0.024310241336020992,0.014196,0.000356,0.0007629686,0.0007681081,0.006736,0.009274551587168018,-0.024666405719582635,-0.03164906429955287,convergence,False,False
29235P__29235V,29235P,29235V,2024-05-02,2024-05-07,5,4.1724185006567,4.0162021286866,7.798377465762975,7.804804467008379,0.0008241459551836892,0.037440245254763575,0.03826439120994726,0.07570463646471084,0.014196,0.000137,0.0007373925,0.000732547,-0.006571,0.0381274049085774,0.07556765016334098,0.08218769420041412,convergence,False,False
29235P__29235V,29235P,29235V,2024-12-20,2025-03-20,90,3.1889200293432998,3.2310801706567,6.347637898887853,6.281673939010321,-0.010391890799109607,-0.013220821132376338,-0.023612711931485945,-0.036833533063862285,0.014196,0.002466,0.0006880986,0.0006831534,-0.007187,-0.026078465356143478,-0.03929928648851982,-0.03213572699863019,force_close,False,False
413419__264051,413419,264051,2021-05-14,2021-05-18,4,3.0588341110911,3.1413840107274,15.19327788219423,15.223067272193004,0.0019606953963295488,-0.026987373828799746,-0.0250266784324702,-0.05201405226126994,0.015969,0.00011,0.009157089,0.0091554123,-0.000183,-0.02513626747356609,-0.05212364130236583,-0.05194014465110414,convergence,False,False
413419__264051,413419,264051,2021-06-21,2021-06-23,2,2.9392707503637,2.8904747607273995,14.563061466181102,14.323028029005204,-0.016482347323281746,0.016601393264047783,0.00011904594076603617,0.01672043920481382,0.015969,5.5e-05,0.0090370973,0.0090191657,-0.001984,6.425142021809096e-05,0.016665644684265873,0.01862104119513576,convergence,False,False
413419__264051,413419,264051,2022-02-15,2022-02-28,13,2.8695256392726,2.6596377489089,14.165157452112064,13.222798998179174,-0.06652650753221113,0.07314375849832275,0.0066172509661116125,0.07976100946443436,0.015969,0.000356,0.0086606331,0.0087028415,0.004874,0.006261086582549968,0.07940484508087271,0.07487753953825459,convergence,False,False
413419__264051,413419,264051,2022-03-09,2022-03-23,14,2.6204348892726,2.76000175,12.90297039475384,13.281333576521185,0.02932372703274445,-0.05326095347713138,-0.023937226444386932,-0.07719817992151831,0.015969,0.000384,0.0086106686,0.0081736068,-0.050758,-0.02432078808822255,-0.07758174156535393,-0.022541403569202773,convergence,False,False
413419__264051,413419,264051,2023-01-13,2023-02-21,39,3.27803427,3.1614562489088995,15.723425105839755,15.781809881478333,0.003713235204516171,0.03556339302428967,0.03927662822880584,0.07484002125309552,0.015969,0.001068,0.0078042689,0.0074120743,-0.050254,0.03820813507812091,0.0737715281024106,0.12688094051018184,convergence,False,False
413419__264051,413419,264051,2023-10-30,2023-11-07,8,3.4474160796363,3.3722200189088998,17.082879362330534,16.67059201061648,-0.024134535107892156,0.021812296221387112,-0.0023222388865050438,0.019490057334882068,0.015969,0.000219,0.0065926097,0.006623174,0.004636,-0.0025414169686968245,0.019270879252690287,0.01476750295175033,convergence,False,False
413419__264051,413419,264051,2024-02-02,2024-02-08,6,3.7164335914548,3.6130936014547994,18.43465384874605,17.77724525551912,-0.03566156428110241,0.02780622536552529,-0.007855338915577121,0.01995088644994817,0.015969,0.000164,0.0067258542,0.0066972503,-0.004253,-0.008019722477220957,0.019786502888304334,0.02390518427930134,convergence,False,False
413419__264051,413419,264051,2024-05-15,2024-05-20,5,4.1249432185452,4.155057581454799,19.965438247779705,20.389310648837036,0.02123030788490046,-0.007300552108016726,0.013929755776883733,0.006629203668867007,0.015969,0.000137,0.0064354206,0.0064034835,-0.004963,0.01379276947551387,0.0064922173674971445,0.011585559837412192,convergence,False,False
413419__264051,413419,264051,2024-08-05,2024-08-07,2,3.8260341192726,3.7636387499999997,19.137056087211562,18.590108900200754,-0.02858052902798923,0.016308105815967734,-0.012272423212021495,0.004035682603946239,0.015969,5.5e-05,0.0069288065,0.0067895572,-0.020097,-0.01232721773256944,0.003980888083398294,0.023904054993196484,convergence,False,False
413419__264051,413419,264051,2024-08-15,2024-08-16,1,4.2544705081815,4.275493921091099,0.0,0.0,0.0,-0.004941487517464426,-0.004941487517464426,-0.009882975034928852,0.015969,0.0,0.0,0.0,0.0,-0.004941487517464426,-0.009882975034928852,-0.009882975034928852,overnight_abort,True,False
413419__264051,413419,264051,2024-11-14,2024-11-18,4,4.7426881789088995,4.897748760727399,23.55591491070363,24.17429213245069,0.026251462704429896,-0.0326946609115198,-0.0064431982070899015,-0.0391378591186097,0.015969,0.00011,0.0064789914,0.006466005,-0.002004,-0.006552787248185792,-0.03924744815970559,-0.03718631272982821,convergence,False,False
413419__264051,413419,264051,2025-04-07,2025-04-08,1,4.2843610992726004,4.395930260727399,0.0,0.0,0.0,-0.026041026624422592,-0.026041026624422592,-0.052082053248845184,0.015969,0.0,0.0,0.0,0.0,-0.026041026624422592,-0.052082053248845184,-0.052082053248845184,overnight_abort,True,False
413419__264051,413419,264051,2025-04-09,2025-04-10,1,4.782542599272601,4.55651198,0.0,0.0,0.0,0.047261600828600876,0.047261600828600876,0.09452320165720175,0.015969,0.0,0.0,0.0,0.0,0.047261600828600876,0.09452320165720175,0.09452320165720175,overnight_abort,True,False
500326__256938,500326,256938,2021-09-27,2021-09-30,3,6.2651067804743,5.9440633959486,6.178246785432092,5.801185709116944,-0.061030432970763486,0.05124308264405912,-0.009787350326704365,0.041455732317354756,0.015739,8.2e-05,0.0089674035,0.0090033304,0.004006,-0.009869542107526283,0.04137354053653284,0.03762667529456619,convergence,False,False
500326__256938,500326,256938,2022-02-25,2022-03-01,4,6.285059749525701,5.883920604762849,6.061577810273115,5.854316417706784,-0.034192647368984745,0.06382423727843207,0.02963158990944733,0.0934558271878794,0.015739,0.00011,0.0086952734,0.0086568844,-0.004415,0.02952200086835144,0.09334623814678351,0.09762911599832931,convergence,False,False
500326__256938,500326,256938,2023-01-04,2023-02-02,29,7.1529964447628505,7.237122530711449,7.032946908984826,7.050248551339722,0.0024600843115696984,-0.011760957327218123,-0.009300873015648425,-0.021061830342866548,0.015739,0.000795,0.0074959709,0.0076228227,0.016923,-0.01009539356359363,-0.021856350890811754,-0.038538342736571814,convergence,False,False
500326__256938,500326,256938,2023-05-15,2023-05-19,4,6.74396895928855,6.6557471609486,6.708972225347027,6.6871747664788215,-0.0032490012085388312,0.013081584282567114,0.009832583074028282,0.022914167356595398,0.015739,0.00011,0.0073321846,0.0072147469,-0.016017,0.009722994032932392,0.022804578315499507,0.039029145357591014,convergence,False,False
500326__256938,500326,256938,2023-10-30,2023-11-08,9,8.390055585237151,7.9488063959485995,8.352358393844556,7.88505000804336,-0.0559492736980238,0.05259192681213681,-0.003357346885886986,0.04923457992624983,0.015739,0.000247,0.0065926097,0.0066072014,0.002213,-0.0036039222283527394,0.04898800458378407,0.04690311203260779,convergence,False,False
500326__256938,500326,256938,2023-11-14,2023-11-16,2,8.79908307071145,8.3597785104743,8.665623254605485,8.304409106004197,-0.041683574047523354,0.049926174887405715,0.00824260083988236,0.058168775727288076,0.015739,5.5e-05,0.0066065467,0.0066829285,0.011562,0.008187806319334415,0.058113981206740134,0.04716100848171146,convergence,False,False
500326__256938,500326,256938,2024-08-05,2024-08-06,1,9.47747075,9.29198430618575,0.0,0.0,0.0,0.019571302165638474,0.019571302165638474,0.03914260433127695,0.015739,0.0,0.0,0.0,0.0,0.019571302165638474,0.03914260433127695,0.03914260433127695,overnight_abort,True,False
500326__256938,500326,256938,2024-11-14,2024-11-19,5,12.041375995000001,11.888125989999999,11.921741597332476,11.740670762096157,-0.015188287194283293,0.012726951227470749,-0.0024613359668125435,0.010265615260658206,0.015739,0.000137,0.0064789914,0.0064335574,-0.007013,-0.0025983222681824065,0.010128628959288342,0.01708340259037699,convergence,False,False
500326__256938,500326,256938,2025-04-07,2025-04-08,1,10.79434037,10.815588485,0.0,0.0,0.0,-0.0019684496015200965,-0.0019684496015200965,-0.003936899203040193,0.015739,0.0,0.0,0.0,0.0,-0.0019684496015200965,-0.003936899203040193,-0.003936899203040193,overnight_abort,True,False
500326__256938,500326,256938,2025-04-09,2025-04-10,1,11.811922437628501,11.126324652371501,0.0,0.0,0.0,0.05804286210625075,0.05804286210625075,0.1160857242125015,0.015739,0.0,0.0,0.0,0.0,0.05804286210625075,0.1160857242125015,0.1160857242125015,overnight_abort,True,False
501287__905289,501287,905289,2021-02-10,2021-02-16,6,161.04688544,156.97698048,15.906747746506623,15.6583935715216,-0.015613133428834655,0.025271553367086353,0.009658419938251698,0.03492997330533805,0.009152,0.000164,0.0095287999,0.0094459916,-0.00869,0.009494036376607862,0.03476558974369422,0.04339521873501004,convergence,False,False
501287__905289,501287,905289,2021-02-24,2021-02-26,2,151.9658188,148.39982568000002,15.187152295911062,14.79940906859568,-0.025531002768687427,0.02346575794582547,-0.0020652448228619565,0.021400513122963514,0.009152,5.5e-05,0.0094139789,0.009366804,-0.005011,-0.002120039343409902,0.02134571860241557,0.02625352680439017,convergence,False,False
501287__905289,501287,905289,2021-06-21,2021-06-22,1,178.31188708824,179.95974264,0.0,0.0,0.0,-0.009241422872410775,-0.009241422872410775,-0.01848284574482155,0.009152,0.0,0.0,0.0,0.0,-0.009241422872410775,-0.01848284574482155,-0.01848284574482155,overnight_abort,True,False
501287__905289,501287,905289,2022-01-04,2022-01-05,1,198.55738252824,197.5755132,0.0,0.0,0.0,0.004945015469774144,0.004945015469774144,0.009890030939548287,0.009152,0.0,0.0,0.0,0.0,0.004945015469774144,0.009890030939548287,0.009890030939548287,overnight_abort,True,False
501287__905289,501287,905289,2022-03-09,2022-03-10,1,163.52898716823998,164.95222968000002,0.0,0.0,0.0,-0.008703304144456013,-0.008703304144456013,-0.017406608288912027,0.009152,0.0,0.0,0.0,0.0,-0.008703304144456013,-0.017406608288912027,-0.017406608288912027,overnight_abort,True,False
501287__905289,501287,905289,2023-05-23,2023-05-24,1,139.10679916824,139.77252211176,0.0,0.0,0.0,-0.004785696655379508,-0.004785696655379508,-0.009571393310759017,0.009152,0.0,0.0,0.0,0.0,-0.004785696655379508,-0.009571393310759017,-0.009571393310759017,overnight_abort,True,False
501287__905289,501287,905289,2023-10-31,2023-11-01,1,174.62362832000002,186.37003728000002,0.0,0.0,0.0,-0.06726700775266536,-0.06726700775266536,-0.13453401550533073,0.009152,0.0,0.0,0.0,0.0,-0.06726700775266536,-0.13453401550533073,-0.13453401550533073,overnight_abort,True,False
501287__905289,501287,905289,2024-01-10,2024-01-11,1,192.10793124824002,195.5691612,0.0,0.0,0.0,-0.018017111158661156,-0.018017111158661156,-0.03603422231732231,0.009152,0.0,0.0,0.0,0.0,-0.018017111158661156,-0.03603422231732231,-0.03603422231732231,overnight_abort,True,False
501287__905289,501287,905289,2024-02-06,2024-02-16,10,218.16491060824,228.08210539176,21.591072114622204,22.96703287548,0.06372822773936965,-0.045457332051570626,0.01827089568779902,-0.027186436363771604,0.009152,0.000274,0.0067483214,0.006666444,-0.012133,0.017996923085059294,-0.02746040896651133,-0.01439567736538957,convergence,False,False
501287__905289,501287,905289,2024-08-05,2024-08-06,1,167.81533036824,170.13865963176002,0.0,0.0,0.0,-0.013844559125926624,-0.013844559125926624,-0.02768911825185325,0.009152,0.0,0.0,0.0,0.0,-0.013844559125926624,-0.02768911825185325,-0.02768911825185325,overnight_abort,True,False
501287__905289,501287,905289,2025-04-07,2025-04-08,1,159.83076016,159.82601035176,0.0,0.0,0.0,2.9717735404949438e-05,2.9717735404949438e-05,5.9435470809898875e-05,0.009152,0.0,0.0,0.0,0.0,2.9717735404949438e-05,5.9435470809898875e-05,5.9435470809898875e-05,overnight_abort,True,False
501287__905289,501287,905289,2025-04-09,2025-04-10,1,173.58693136,167.75110075176002,0.0,0.0,0.0,0.03361906661128256,0.03361906661128256,0.06723813322256512,0.009152,0.0,0.0,0.0,0.0,0.03361906661128256,0.06723813322256512,0.06723813322256512,overnight_abort,True,False
501287__905289,501287,905289,2025-10-21,2025-10-22,1,201.3086068,204.15634776000002,0.0,0.0,0.0,-0.014146146085195647,-0.014146146085195647,-0.028292292170391295,0.009152,0.0,0.0,0.0,0.0,-0.014146146085195647,-0.028292292170391295,-0.028292292170391295,overnight_abort,True,False
514939__929610,514939,929610,2023-03-10,2023-03-15,5,0.878391083312325,0.8600269479369751,0.8997195343997432,0.9085994907248741,0.009869693816368336,0.020906559417817116,0.030776253234185452,0.05168281265200257,0.014628,0.000137,0.1274819168,0.1273925986,-0.000701,0.03063926693281559,0.051545826350632706,0.05225387174948251,convergence,False,False
514939__929610,514939,929610,2023-05-31,2023-06-05,5,0.892005708,0.8808559405623251,0.9026642994651758,0.9310155422828222,0.031408401588989866,0.012499659293295608,0.04390806088228547,0.056407720175581086,0.014628,0.000137,0.127717997,0.1274997896,-0.001709,0.04377107458091561,0.05627073387421122,0.058035920674557845,convergence,False,False
514939__929610,514939,929610,2023-06-14,2023-06-27,13,0.861099568563025,0.82209193237535,0.8767438790627884,0.8697725155870724,-0.007951425316100522,0.04529979762127819,0.037348372305177666,0.08264816992645586,0.014628,0.000356,0.1278535261,0.1276707084,-0.00143,0.03699220792161602,0.08229200554289422,0.08371256661743431,convergence,False,False
514939__929610,514939,929610,2023-08-15,2023-08-18,3,0.795113406563025,0.7043627399376751,0.7797829787377879,0.7468263388743073,-0.04226386156418365,0.11413550051637386,0.0718716389521902,0.18600713946856406,0.014628,8.2e-05,0.1276951645,0.127582755,-0.00088,0.07178944717136829,0.18592494768774215,0.18676878148372425,convergence,False,False
514939__929610,514939,929610,2024-03-25,2024-03-27,2,0.79501401987535,0.7420964888746501,0.8061113882662659,0.7823844374822513,-0.02943383647642679,0.06656175825552973,0.03712792177910294,0.10368968003463268,0.014628,5.5e-05,0.1278159516,0.1277702246,-0.000358,0.037073127258555,0.10363488551408473,0.10398223622978066,convergence,False,False
514939__929610,514939,929610,2024-04-16,2024-04-19,3,0.715512629813025,0.6779994585,0.7261671983340334,0.7215582941119326,-0.006346891229285096,0.05242838455951197,0.046081493330226875,0.09850987788973885,0.014628,8.2e-05,0.1277082123,0.1276218228,-0.000676,0.04599930154940496,0.09842768610891693,0.09910030771356729,convergence,False,False
514939__929610,514939,929610,2024-05-09,2024-05-14,5,0.79143645687535,0.7716797143123251,0.7854031820823293,0.8246158408884785,0.04992678881461264,0.024963144408366077,0.07488993322297871,0.0998530776313448,0.014628,0.000137,0.1279860784,0.1281845776,0.001551,0.07475294692160885,0.09971609132997493,0.09809023561831055,convergence,False,False
514939__929610,514939,929610,2024-06-17,2024-06-20,3,0.745325625,0.71442505487535,0.748817315833634,0.7460679850807245,-0.0036715640714701774,0.041459154345659284,0.037787590274189105,0.07924674461984839,0.014628,8.2e-05,0.1280836163,0.1281090448,0.000199,0.03770539849336719,0.07916455283902647,0.07896679055243269,convergence,False,False
514939__929610,514939,929610,2024-08-13,2024-08-16,3,0.844702404813025,0.7428008415623251,0.8491743178528126,0.8375088511812555,-0.013737422842760862,0.1206360520226717,0.10689862917991085,0.22753468120258255,0.014628,8.2e-05,0.1283293444,0.1283944293,0.000507,0.10681643739908893,0.22745248942176063,0.22695253937285279,convergence,False,False
514939__929610,514939,929610,2024-10-08,2024-10-23,15,0.824827015062325,0.7325372499376751,0.8257537401195437,0.7841915049289158,-0.05033248191477889,0.11188984288745245,0.06155736097267356,0.17344720386012602,0.014628,0.000411,0.1286835671,0.1286951598,9e-05,0.06114640206856397,0.17303624495601644,0.17295070008662122,convergence,False,False
514939__929610,514939,929610,2024-12-06,2024-12-10,4,0.78159811887465,0.6741757951246501,0.7622971205148867,0.7696144498698327,0.009599051548303863,0.13743933251101895,0.14703838405932282,0.28447771657034177,0.014628,0.00011,0.1286272929,0.128622323,-3.9e-05,0.14692879501822692,0.2843681275292459,0.28440713791414046,convergence,False,False
514939__929610,514939,929610,2025-04-11,2025-04-22,11,0.873521642437675,0.8049860201246501,0.8570207257381449,0.8959314628276233,0.04540232916300226,0.07845898599806571,0.12386131516106796,0.2023203011591337,0.014628,0.000301,0.1289299409,0.1288651507,-0.000503,0.12355994529805427,0.20201893129611997,0.2025445336457005,convergence,False,False
514939__929610,514939,929610,2025-04-28,2025-05-07,9,0.97389216987535,0.8552976551869751,0.9057518243394697,0.9084815132334667,0.003013727182926415,0.12177376341731344,0.12478749060023986,0.2465612540175533,0.014628,0.000247,0.128885078,0.128637219,-0.001923,0.12454091525777411,0.24631467867508755,0.2482472918125484,convergence,False,False
514939__929610,514939,929610,2025-05-27,2025-05-29,2,0.963954504813025,0.8049860201246501,0.8875967836049584,0.8828769451015537,-0.005317548002185406,0.16491285003041659,0.1595953020282312,0.32450815205864775,0.014628,5.5e-05,0.1275737982,0.1275371947,-0.000287,0.15954050750768325,0.3244533575380998,0.32473883393749325,convergence,False,False
514939__929610,514939,929610,2025-05-30,2025-06-11,12,0.95103551737535,0.8049860201246501,0.8805427807769157,0.8628261493692534,-0.02012012567070357,0.1535689199639615,0.13344879429325793,0.2870177142572194,0.014628,0.000329,0.1274770349,0.127398279,-0.000618,0.13312002716997026,0.2866889471339317,0.28729469567308347,convergence,False,False
514939__929610,514939,929610,2025-06-16,2025-06-18,2,0.9426878505,0.8101178159369751,0.8595601247685596,0.8398604559328275,-0.022918313993493204,0.1406298325503082,0.117711518556815,0.2583413511071232,0.014628,5.5e-05,0.1273934036,0.1273893481,-3.2e-05,0.11765672403626705,0.25828655658657523,0.2583176624430439,convergence,False,False
514939__929610,514939,929610,2025-06-25,2025-06-27,2,0.934439570312325,0.802067935812325,0.8519029472973272,0.8474954868982411,-0.00517366492634971,0.14165884954524816,0.13648518461889844,0.2781440341641466,0.014628,5.5e-05,0.1273925986,0.1273893481,-2.6e-05,0.1364303900983505,0.27808923964359866,0.27811462389314845,convergence,False,False
514939__929610,514939,929610,2025-11-17,2025-11-20,3,0.9937675,0.82822995062535,0.9528843635258626,0.9318473637238294,-0.02207718019864668,0.16657573262825565,0.14449855242960896,0.3110742850578646,0.014628,8.2e-05,0.1284554582,0.1284925908,0.000289,0.14441636064878705,0.3109920932770427,0.31070948696743017,convergence,False,False
514939__929610,514939,929610,2025-12-03,2025-12-09,6,0.9838298349376751,0.8483938638175,0.929964272790898,0.9038360279863658,-0.02809596623117495,0.13766198819204828,0.10956602196087332,0.24722801015292162,0.014628,0.000164,0.1284868125,0.128524799,0.000296,0.10940163839922949,0.24706362659127779,0.24677637282495396,convergence,False,False
514939__929610,514939,929610,2025-12-12,2025-12-16,4,0.975382831063025,0.8049860201246501,0.9184824784291133,0.9012046369047937,-0.01881129137473593,0.17469736549767562,0.1558860741229397,0.3305834396206153,0.014628,0.00011,0.1285000226,0.1285157095,0.000122,0.1557764850818438,0.33047385057951945,0.33035408460528015,convergence,False,False
514939__929610,514939,929610,2025-12-23,2025-12-29,6,0.9838298349376751,0.864152471,0.9115605740489223,0.9089246622700624,-0.002891647416421112,0.12164437353666603,0.11875272612024491,0.24039709965691095,0.014628,0.000164,0.1286123992,0.128518182,-0.000733,0.11858834255860108,0.2402327160952671,0.24096370026898536,convergence,False,False
54185J__950853,54185J,950853,2021-01-27,2021-02-03,7,27.1710295,26.977950182612002,53.65204960704893,52.92350315311932,-0.013579098268668788,0.007106072936544331,-0.006473025332124457,0.0006330476044198747,0.010055999999999999,0.000192,0.0095946261,0.009474182,-0.012553,-0.006664806154042265,0.00044126678250206645,0.01298151328929489,convergence,False,False
54185J__950853,54185J,950853,2021-06-21,2021-06-23,2,24.065051784490002,23.828851465510002,48.11636798354393,47.40276233746975,-0.014830829424162596,0.009815076281374626,-0.00501575314278797,0.0047993231385866555,0.010055999999999999,5.5e-05,0.0090370973,0.0090191657,-0.001984,-0.005070547663335916,0.00474452861803871,0.0067032086209016205,convergence,False,False
54185J__950853,54185J,950853,2021-07-09,2021-07-12,1,24.06007624551,25.087493470000002,0.0,0.0,0.0,-0.04270215996018442,-0.04270215996018442,-0.08540431992036884,0.010055999999999999,0.0,0.0,0.0,0.0,-0.04270215996018442,-0.08540431992036884,-0.08540431992036884,overnight_abort,True,False
54185J__950853,54185J,950853,2022-01-26,2022-01-28,2,20.041757179714,19.656807820286,40.24503001784645,39.172776459314186,-0.026643129799053002,0.019207365700330895,-0.007435764098722108,0.011771601601608787,0.010055999999999999,5.5e-05,0.0086681395,0.0086869645,0.002172,-0.007490558619270053,0.011716807081060841,0.009607503758647828,convergence,False,False
54185J__950853,54185J,950853,2023-01-27,2023-02-06,10,17.6985605,17.385243850286002,35.353026017785396,35.41062069195672,0.0016291299687430424,0.01770294537309951,0.01933207534184255,0.037035020714942066,0.010055999999999999,0.000274,0.0076657723,0.0076298014,-0.004692,0.019058102739102824,0.03676104811220234,0.04148325507176919,convergence,False,False
54185J__950853,54185J,950853,2023-10-31,2023-11-01,1,12.523602117102,12.636515802898002,0.0,0.0,0.0,-0.00901607099460699,-0.00901607099460699,-0.01803214198921398,0.010055999999999999,0.0,0.0,0.0,0.0,-0.00901607099460699,-0.01803214198921398,-0.01803214198921398,overnight_abort,True,False
54185J__950853,54185J,950853,2024-01-26,2024-01-30,4,15.255661597102,14.010486062898002,30.570348642785998,27.899192077248888,-0.08737736676638952,0.08162055288644672,-0.005756813879942799,0.07586373900650392,0.010055999999999999,0.00011,0.0067789716,0.0068075832,0.004221,-0.0058664029210386895,0.07575414996540804,0.07191848715147049,convergence,False,False
54185J__950853,54185J,950853,2024-07-29,2024-07-30,1,14.418095917102,14.142868598898,0.0,0.0,0.0,0.019089019783641515,0.019089019783641515,0.03817803956728303,0.010055999999999999,0.0,0.0,0.0,0.0,0.019089019783641515,0.03817803956728303,0.03817803956728303,overnight_abort,True,False
54185J__950853,54185J,950853,2024-08-05,2024-08-07,2,13.4110219,13.39871728,26.836878175570924,26.30769560580581,-0.01971848462787361,0.0009175005522882711,-0.018800984075585336,-0.017883483523297068,0.010055999999999999,5.5e-05,0.0069288065,0.0067895572,-0.020097,-0.018855778596133282,-0.017938278043845013,0.0021666434992723476,convergence,False,False
54185J__950853,54185J,950853,2025-04-07,2025-04-08,1,10.978094017102002,10.941617180000001,0.0,0.0,0.0,0.0033226930872677766,0.0033226930872677766,0.006645386174535553,0.010055999999999999,0.0,0.0,0.0,0.0,0.0033226930872677766,0.006645386174535553,0.006645386174535553,overnight_abort,True,False
54185J__950853,54185J,950853,2025-04-09,2025-04-10,1,11.7159485,11.51326904,0.0,0.0,0.0,0.01729944954947513,0.01729944954947513,0.03459889909895026,0.010055999999999999,0.0,0.0,0.0,0.0,0.01729944954947513,0.03459889909895026,0.03459889909895026,overnight_abort,True,False
54185J__950853,54185J,950853,2025-07-25,2025-07-28,1,15.026327140000001,14.802775482898001,0.0,0.0,0.0,0.01487733196669908,0.01487733196669908,0.02975466393339816,0.010055999999999999,0.0,0.0,0.0,0.0,0.01487733196669908,0.02975466393339816,0.02975466393339816,overnight_abort,True,False
54185J__950853,54185J,950853,2025-10-03,2025-10-06,1,14.806965697102001,15.384456322898002,0.0,0.0,0.0,-0.03900128072215542,-0.03900128072215542,-0.07800256144431084,0.010055999999999999,0.0,0.0,0.0,0.0,-0.03900128072215542,-0.07800256144431084,-0.07800256144431084,overnight_abort,True,False
54185J__950853,54185J,950853,2025-10-31,2025-11-04,1,16.502042088408,16.618027883184002,0.0,0.0,0.0,-0.007028572230916614,-0.007028572230916614,-0.014057144461833228,0.010055999999999999,0.0,0.0,0.0,0.0,-0.007028572230916614,-0.014057144461833228,-0.014057144461833228,overnight_abort,True,False
54185J__950853,54185J,950853,2025-12-01,2025-12-04,3,17.050451179714003,19.185443754490002,33.84366640326527,38.21383508953951,0.12912811024081608,-0.12521619236188514,0.003911917878930943,-0.1213042744829542,0.010055999999999999,8.2e-05,0.0064156027,0.0064372843,0.00338,0.003829726098109025,-0.12138646626377611,-0.1251895147068901,convergence,False,False
54186Q__317701,54186Q,317701,2021-02-04,2021-02-08,4,15.3945825594,15.805695259999998,15.443205267434355,15.906059373614585,0.029971375641575402,-0.026705024252117272,0.0032663513894581296,-0.023438672862659143,0.007939,0.00011,0.009489917,0.0095615997,0.007554,0.0031567623483622393,-0.023548261903755034,-0.03126989128013455,convergence,False,False
54186Q__317701,54186Q,317701,2021-02-26,2021-03-03,5,15.644433959999999,15.205098859999998,15.632739075702528,14.884957975179285,-0.04783429806523768,0.02808251810984672,-0.01975177995539096,0.008330738154455758,0.007939,0.000137,0.009366804,0.0092614022,-0.011253,-0.019888766256760823,0.008193751853085894,0.019030121628948463,convergence,False,False
54186Q__317701,54186Q,317701,2021-06-21,2021-06-22,1,15.59947869,15.855745960994,0.0,0.0,0.0,-0.016427938143745748,-0.016427938143745748,-0.032855876287491495,0.007939,0.0,0.0,0.0,0.0,-0.016427938143745748,-0.032855876287491495,-0.032855876287491495,overnight_abort,True,False
54186Q__317701,54186Q,317701,2021-09-03,2021-09-07,1,16.273801745964,16.946821413042,0.0,0.0,0.0,-0.04135601979082184,-0.04135601979082184,-0.08271203958164368,0.007939,0.0,0.0,0.0,0.0,-0.04135601979082184,-0.08271203958164368,-0.08271203958164368,overnight_abort,True,False
54186Q__317701,54186Q,317701,2021-09-10,2021-09-14,4,17.287791836958,17.39728072497,17.11518711487835,17.502052855101983,0.02260365239520687,-0.0063333067082594376,0.01627034568694743,0.009937038978687994,0.007939,0.00011,0.0090913223,0.0091428571,0.005669,0.01616075664585154,0.009827449937592103,0.004063422989663806,convergence,False,False
54186Q__317701,54186Q,317701,2022-01-28,2022-02-03,6,15.834246099006,16.15604316,15.857318864422945,16.22549956822931,0.023218345229369466,-0.020322853325754498,0.0028954919036149676,-0.01742736142213953,0.007939,0.000164,0.0086869645,0.0086794254,-0.000868,0.002731108341971132,-0.017591744983783367,-0.01670295971621036,convergence,False,False
54186Q__317701,54186Q,317701,2022-05-13,2022-05-16,1,16.710866870964,17.066951703976,0.0,0.0,0.0,-0.021308579367041336,-0.021308579367041336,-0.04261715873408267,0.007939,0.0,0.0,0.0,0.0,-0.021308579367041336,-0.04261715873408267,-0.04261715873408267,overnight_abort,True,False
54186Q__317701,54186Q,317701,2022-12-21,2022-12-22,1,15.254822619006,15.355248960994,0.0,0.0,0.0,-0.006583252030926919,-0.006583252030926919,-0.013166504061853839,0.007939,0.0,0.0,0.0,0.0,-0.006583252030926919,-0.013166504061853839,-0.013166504061853839,overnight_abort,True,False
54186Q__317701,54186Q,317701,2023-01-20,2023-01-25,5,15.514563179999998,15.7656555,15.327659631053287,15.695143552128712,0.023975214084928954,-0.0161842983967275,0.007790915688201453,-0.008393382708526048,0.007939,0.000137,0.0076525726,0.0076790165,0.003456,0.0076539293868315905,-0.008530369009895912,-0.012056588567275562,convergence,False,False
54186Q__317701,54186Q,317701,2023-02-03,2023-02-07,4,15.09498066,15.04994479,14.810454864509923,14.987429143372024,0.011949280456347213,0.002983499682072434,0.014932780138419647,0.01791627982049208,0.007939,0.00011,0.0075377831,0.0076112189,0.009742,0.014823191097323756,0.01780669077939619,0.008043037158852413,convergence,False,False
54186Q__317701,54186Q,317701,2023-05-11,2023-05-16,5,16.483598999999998,16.466348297017998,16.449609776481765,16.22423207555912,-0.013701097107170998,0.0010465374086084222,-0.012654559698562577,-0.011608022289954154,0.007939,0.000137,0.0073678388,0.0072629553,-0.014235,-0.01279154599993244,-0.011745008591324017,0.0024980201357782668,convergence,False,False
54186Q__317701,54186Q,317701,2023-10-31,2023-11-09,9,14.96510988,15.084979579999999,15.012573223470644,14.976918206103228,-0.002375010388736898,-0.008009944528385838,-0.010384954917122737,-0.018394899445508574,0.007939,0.000247,0.0066244903,0.0066000066,-0.003696,-0.01063153025958849,-0.018641474787974326,-0.0149406374345472,convergence,False,False
54186Q__317701,54186Q,317701,2024-01-10,2024-01-11,1,16.133940905964,16.606487457017998,0.0,0.0,0.0,-0.029288972471649435,-0.029288972471649435,-0.05857794494329887,0.007939,0.0,0.0,0.0,0.0,-0.029288972471649435,-0.05857794494329887,-0.05857794494329887,overnight_abort,True,False
54186Q__317701,54186Q,317701,2024-07-05,2024-07-09,4,13.828740555,13.783588281594,13.772749292203743,13.812876072592127,0.0029134909477440602,0.003265103805109309,0.006178594752853369,0.009443698557962678,0.007939,0.00011,0.0062177451,0.0061848656,-0.005288,0.006069005711757478,0.009334109516866787,0.01466571997669892,convergence,False,False
54186Q__317701,54186Q,317701,2024-08-05,2024-08-07,2,15.1349409,15.435328480993999,15.226186151755984,15.275049269912234,0.003209150188316513,-0.019847291309475705,-0.016638141121159192,-0.036485432430634894,0.007939,5.5e-05,0.0069288065,0.0067895572,-0.020097,-0.016692935641707138,-0.036540226951182836,-0.015965074875386575,convergence,False,False
54186Q__317701,54186Q,317701,2024-11-01,2024-11-08,7,16.014065180994,16.00589406,15.733921922087113,15.917107187290158,0.011642695706141244,0.0005102465177734747,0.012152942223914718,0.012663188741688194,0.007939,0.000192,0.006595436,0.006505546,-0.013629,0.01196116140199691,0.012471407919770385,0.026449721487459384,convergence,False,False
54186Q__317701,54186Q,317701,2024-12-06,2024-12-12,6,16.763319680993998,16.426315543976,16.436023588709872,15.994698470913372,-0.0268510881244812,0.02010366344084515,-0.006747424683636049,0.0133562387572091,0.007939,0.000164,0.0066131006,0.0065080863,-0.01588,-0.006911808245279884,0.013191855195565264,0.028894559042066052,convergence,False,False
54186Q__317701,54186Q,317701,2025-04-07,2025-04-08,1,15.831747584999999,15.975865240993999,0.0,0.0,0.0,-0.009103079443392987,-0.009103079443392987,-0.018206158886785975,0.007939,0.0,0.0,0.0,0.0,-0.009103079443392987,-0.018206158886785975,-0.018206158886785975,overnight_abort,True,False
54186Q__317701,54186Q,317701,2025-04-09,2025-04-10,1,16.593490659006,16.966845297017997,0.0,0.0,0.0,-0.02250006618163614,-0.02250006618163614,-0.04500013236327228,0.007939,0.0,0.0,0.0,0.0,-0.02250006618163614,-0.04500013236327228,-0.04500013236327228,overnight_abort,True,False
54186Q__317701,54186Q,317701,2025-05-14,2025-05-16,2,18.2318595,17.817697203976,17.701997819555732,17.647180955299014,-0.0030966484582978064,0.022716404545789708,0.0196197560874919,0.042336160633281605,0.007939,5.5e-05,0.0068648315,0.0069032164,0.005592,0.019564961566943956,0.04228136611273366,0.0367381478154493,convergence,False,False
54186Q__317701,54186Q,317701,2025-11-05,2025-11-06,1,16.044034361988,16.466348297017998,0.0,0.0,0.0,-0.02632217841857507,-0.02632217841857507,-0.05264435683715014,0.007939,0.0,0.0,0.0,0.0,-0.02632217841857507,-0.05264435683715014,-0.05264435683715014,overnight_abort,True,False
54189H__140292,54189H,140292,2021-02-08,2021-02-09,1,11.5442890625,11.768506250000002,0.0,0.0,0.0,-0.019422346953208124,-0.019422346953208124,-0.03884469390641625,0.014436,0.0,0.0,0.0,0.0,-0.019422346953208124,-0.03884469390641625,-0.03884469390641625,overnight_abort,True,False
54189H__140292,54189H,140292,2021-07-28,2021-08-02,5,7.94092256743125,7.957513124606251,15.85282718636948,15.815067740956804,-0.0023818745368738552,-0.00208924807339708,-0.0044711226102709355,-0.006560370683668015,0.014436,0.000137,0.0091345048,0.009169685,0.003851,-0.004608108911640798,-0.0066973569850378774,-0.010524795460560028,convergence,False,False
54189H__140292,54189H,140292,2021-11-08,2021-11-09,1,7.4182982492125005,7.516821626968751,0.0,0.0,0.0,-0.013281129235631541,-0.013281129235631541,-0.026562258471263082,0.014436,0.0,0.0,0.0,0.0,-0.013281129235631541,-0.026562258471263082,-0.026562258471263082,overnight_abort,True,False
54189H__140292,54189H,140292,2021-12-06,2021-12-09,3,5.91067425275625,6.065790346506251,11.731098772892734,12.036468578002598,0.026030793109975983,-0.026243383938417485,-0.0002125908284415015,-0.026455974766858986,0.014436,8.2e-05,0.0088039786,0.0088195088,0.001764,-0.0002947826092634193,-0.026538166547680903,-0.028344895673361556,convergence,False,False
54189H__140292,54189H,140292,2022-03-16,2022-03-23,7,5.1793296875,5.4560783101375,10.321841915734622,10.811584442764914,0.04744720283728906,-0.053433289505670264,-0.005986086668381206,-0.05941937617405147,0.014436,0.000192,0.008432058,0.0081736068,-0.030651,-0.006177867490299014,-0.05961115699596928,-0.026490651797463953,convergence,False,False
54189H__140292,54189H,140292,2022-11-10,2022-11-11,1,6.19647440743125,6.016961562106251,0.0,0.0,0.0,0.02897015843553146,0.02897015843553146,0.05794031687106292,0.014436,0.0,0.0,0.0,0.0,0.02897015843553146,0.05794031687106292,0.05794031687106292,overnight_abort,True,False
54189H__140292,54189H,140292,2023-06-12,2023-06-16,4,5.5537390625,5.814143375787501,11.080971653681301,11.475647253320364,0.03561741803643589,-0.04688810733759624,-0.011270689301160354,-0.058158796638756595,0.014436,0.00011,0.0071319046,0.0070693855,-0.008766,-0.011380278342256245,-0.058268385679852486,-0.04910975811314793,convergence,False,False
54189H__140292,54189H,140292,2023-09-14,2023-09-15,1,5.703504559743751,5.583781626575001,0.0,0.0,0.0,0.020991117288442857,0.020991117288442857,0.04198223457688571,0.014436,0.0,0.0,0.0,0.0,0.020991117288442857,0.04198223457688571,0.04198223457688571,overnight_abort,True,False
54189H__140292,54189H,140292,2024-02-08,2024-02-09,1,6.654503623425001,6.70053549803125,0.0,0.0,0.0,-0.0069174016893175415,-0.0069174016893175415,-0.013834803378635083,0.014436,0.0,0.0,0.0,0.0,-0.0069174016893175415,-0.013834803378635083,-0.013834803378635083,overnight_abort,True,False
54189H__140292,54189H,140292,2024-08-05,2024-08-16,11,6.04047050118125,7.071121002362501,12.193835071389124,14.156164395225161,0.16092798634289618,-0.1706242089883066,-0.009696222645410424,-0.18032043163371703,0.014436,0.000301,0.0069288065,0.0068215146,-0.015485,-0.009997592508424122,-0.18062180149673074,-0.1623621954236303,convergence,False,False
54189H__140292,54189H,140292,2025-04-09,2025-04-10,1,5.9256538726375005,5.503653623425,0.0,0.0,0.0,0.0712158115007599,0.0712158115007599,0.1424316230015198,0.014436,0.0,0.0,0.0,0.0,0.0712158115007599,0.1424316230015198,0.1424316230015198,overnight_abort,True,False
54189H__140292,54189H,140292,2025-09-22,2025-09-25,3,15.49805131368125,16.250552872637503,30.787918590406896,32.55661829904133,0.05744784933871884,-0.04855459204035316,0.008893257298365681,-0.03966133474198748,0.014436,8.2e-05,0.0067156912,0.0066887391,-0.004013,0.008811065517543763,-0.039743526522809394,-0.03548256795437556,convergence,False,False
54189H__140292,54189H,140292,2025-10-01,2025-10-02,1,16.06465849960625,16.55353106289375,0.0,0.0,0.0,-0.030431556531343835,-0.030431556531343835,-0.06086311306268767,0.014436,0.0,0.0,0.0,0.0,-0.030431556531343835,-0.06086311306268767,-0.06086311306268767,overnight_abort,True,False
54189H__140292,54189H,140292,2025-10-06,2025-10-09,3,17.84934168946875,18.729453501575,35.252618344451655,37.491877121481515,0.06352035344297463,-0.04930780235024146,0.014212551092733172,-0.035095251257508286,0.014436,8.2e-05,0.0065830618,0.0066148499,0.004829,0.014130359311911254,-0.0351774430383302,-0.04028826064694767,convergence,False,False
54189H__140292,54189H,140292,2025-11-05,2025-11-06,1,19.034971376968752,18.2261595601375,0.0,0.0,0.0,0.04249083441280447,0.04249083441280447,0.08498166882560894,0.014436,0.0,0.0,0.0,0.0,0.04249083441280447,0.08498166882560894,0.08498166882560894,overnight_abort,True,False
54189H__140292,54189H,140292,2025-12-11,2025-12-15,4,14.739250060925,13.168206561318751,28.81563298419072,26.510615031663264,-0.07999192500099067,0.10658910684819838,0.026597181847207704,0.13318628869540608,0.014436,0.00011,0.0064174555,0.0064632881,0.007142,0.026487592806111813,0.13307669965431018,0.12655271968532197,convergence,False,False
54297Q__503004,54297Q,503004,2021-07-28,2021-08-26,29,3.38338220146625,3.3166311937499997,16.76215885193,16.316190965493902,-0.026605635370455193,0.01972907692406804,-0.006876558446387154,0.012852518477680885,0.020775000000000002,0.000795,0.0091345048,0.0091045651,-0.003278,-0.00767107899433236,0.01205799792973568,0.015258934486134206,convergence,False,False
54297Q__503004,54297Q,503004,2022-03-09,2022-03-17,8,3.3734317730449996,3.4266662745112497,16.78358587704605,16.688341706400003,-0.005674840367475202,-0.015780518192664798,-0.021455358560139998,-0.0372358767528048,0.020775000000000002,0.000219,0.0086106686,0.0083903176,-0.02559,-0.02167453664233178,-0.03745505483499658,-0.011341556670137445,convergence,False,False
54297Q__503004,54297Q,503004,2023-06-02,2023-06-20,18,3.65206297451125,3.48695992646625,18.411831831623726,17.480938845076203,-0.050559498645248495,0.04520816020898305,-0.0053513384362654445,0.039856821772717606,0.020775000000000002,0.000493,0.0071653769,0.0070479614,-0.016387,-0.005844489121196951,0.0393636710877861,0.055180873376496034,convergence,False,False
54297Q__503004,54297Q,503004,2023-10-31,2023-11-29,29,3.731671875,3.7180836495112497,19.01694086543575,18.567398561271297,-0.023639044120998383,0.003641323766910849,-0.019997720354087534,-0.016356396587176684,0.020775000000000002,0.000795,0.0066244903,0.0067474102,0.018555,-0.02079224090203274,-0.01715091713512189,-0.03493762158960295,convergence,False,False
54297Q__503004,54297Q,503004,2023-12-08,2023-12-20,12,3.8212321990225,3.6477418259774996,19.158604882634247,18.3098832923682,-0.04429975958402626,0.04540168301978103,0.0011019234357547703,0.0465036064555358,0.020775000000000002,0.000329,0.0068415831,0.0070365544,0.028498,0.0007731563124670991,0.04617483933224813,0.019693964220387335,convergence,False,False
54297Q__503004,54297Q,503004,2024-04-26,2024-05-01,5,4.229228125,4.243639510544999,20.96251806173,21.049261693083,0.004138034901034201,-0.003407568738089633,0.0007304661629445679,-0.002677102575145065,0.020775000000000002,0.000137,0.006336734,0.0065085095,0.027108,0.0005934798615747049,-0.002814088876514928,-0.029315749973290246,convergence,False,False
54297Q__503004,54297Q,503004,2024-05-14,2024-05-15,1,4.37849470146625,4.712921973045,0.0,0.0,0.0,-0.07637950811422886,-0.07637950811422886,-0.15275901622845772,0.020775000000000002,0.0,0.0,0.0,0.0,-0.07637950811422886,-0.15275901622845772,-0.15275901622845772,overnight_abort,True,False
54297Q__503004,54297Q,503004,2024-08-05,2024-08-06,1,4.39839734951125,4.3009182990224994,0.0,0.0,0.0,0.02216240206210171,0.02216240206210171,0.04432480412420342,0.020775000000000002,0.0,0.0,0.0,0.0,0.02216240206210171,0.04432480412420342,0.04432480412420342,overnight_abort,True,False
54297Q__503004,54297Q,503004,2025-04-07,2025-04-08,1,4.229228125,4.29087012744375,0.0,0.0,0.0,-0.014575237046062648,-0.014575237046062648,-0.029150474092125296,0.020775000000000002,0.0,0.0,0.0,0.0,-0.014575237046062648,-0.029150474092125296,-0.029150474092125296,overnight_abort,True,False
54297Q__503004,54297Q,503004,2025-04-09,2025-04-10,1,4.4680549259774995,4.33106562744375,0.0,0.0,0.0,0.03065971676786844,0.03065971676786844,0.06131943353573688,0.020775000000000002,0.0,0.0,0.0,0.0,0.03065971676786844,0.06131943353573688,0.06131943353573688,overnight_abort,True,False
54297Q__503004,54297Q,503004,2025-05-14,2025-05-20,6,5.17458490048875,5.24551305146625,25.15993352699625,26.149923391608898,0.03934787282130141,-0.013707022368267811,0.025640850453033597,0.011933828084765785,0.020775000000000002,0.000164,0.0068648315,0.0069599109,0.01385,0.02547646689138976,0.011769444523121949,-0.0024290953086343356,convergence,False,False
54297Q__503004,54297Q,503004,2025-09-29,2025-10-01,2,5.8512616990224995,5.758004973045,28.9791199511814,28.0071386746866,-0.03354074513415902,0.015937883276196475,-0.017602861857962546,-0.0016649785817660703,0.020775000000000002,5.5e-05,0.0067606396,0.0067909404,0.004482,-0.01765765637851049,-0.0017197731023140155,-0.006032060777499546,convergence,False,False
54297Q__503004,54297Q,503004,2025-11-12,2025-11-17,5,5.821408523044999,5.63741857353375,28.103126397696006,27.46601619948225,-0.022670438484238793,0.03160574434570177,0.008935305861462978,0.04054105020716475,0.020775000000000002,0.000137,0.0064697696,0.0064302479,-0.006109,0.008798319560093115,0.04040406390579489,0.046410943629881254,convergence,False,False
67406F__27194J,67406F,27194J,2021-04-08,2021-06-11,64,8.757027961542,8.792846351302499,0.2195524172968875,0.22107631460481,0.006940927030932403,-0.004090244991542917,0.002850682039389486,-0.0012395629521534312,0.011662,0.001753,6.86577e-05,7.04101e-05,0.025524,0.0010972573818552392,-0.002992987609687678,-0.028054211504114898,convergence,False,False
67406F__27194J,67406F,27194J,2021-07-29,2021-08-05,7,8.118795698958,8.371752151042001,0.20203243457811748,0.2109529495261575,0.04415387542434844,-0.031156893394480543,0.012996982029867897,-0.018159911364612646,0.011662,0.000192,6.91443e-05,6.96743e-05,0.007665,0.012805201207950088,-0.018351692186530454,-0.026294384886348235,convergence,False,False
67406F__27194J,67406F,27194J,2023-12-13,2023-12-14,1,14.83126365,15.500274302605,0.0,0.0,0.0,-0.045108135651340774,-0.045108135651340774,-0.09021627130268155,0.011662,0.0,0.0,0.0,0.0,-0.045108135651340774,-0.09021627130268155,-0.09021627130268155,overnight_abort,True,False
67406F__27194J,67406F,27194J,2024-06-12,2024-07-05,23,14.681655397395,15.550404552605,0.36842494698198,0.3924546437952,0.06522277334926332,-0.05917242515882404,0.006050348190439286,-0.05312207696838475,0.011662,0.00063,6.14628e-05,6.15195e-05,0.000923,0.005420211204137916,-0.05375221395468612,-0.05473398609602171,convergence,False,False
67406F__27194J,67406F,27194J,2025-02-06,2025-05-07,90,12.527282197395,11.840766052605,0.30821059010699997,0.2997452681970241,-0.02746603193302681,0.05480168275707544,0.02733565082404863,0.08213733358112407,0.011662,0.002466,6.14439e-05,6.06281e-05,-0.013277,0.0248698973993911,0.07967158015646654,0.0927578093331853,force_close,False,False
67406F__27194J,67406F,27194J,2025-10-15,2025-10-28,13,9.724601250000001,10.587509802605,0.245205990855,0.26996597112779996,0.1009762452640952,-0.08873459491256765,0.01224165035152755,-0.0764929445610401,0.011662,0.000356,6.035e-05,6.01866e-05,-0.002708,0.011885485967965907,-0.07684910894460174,-0.07386007951818199,convergence,False,False
696046__147535,696046,147535,2021-01-08,2021-01-12,4,18.514763282141,18.675281228329,18.313186295008,18.728034886127443,0.022652999015934653,-0.00866972716539295,0.013983271850541703,0.005313544685148754,0.013218,0.00011,0.0136103021,0.0136668035,0.004151,0.013873682809445812,0.005203955644052863,0.0009760960601642448,convergence,False,False
696046__147535,696046,147535,2021-06-11,2021-06-18,7,20.456868644282,20.271711942141,20.151243378526626,20.085985106339784,-0.0032384240992484803,0.009051077433239256,0.005812653333990776,0.014863730767230032,0.013218,0.000192,0.0136640026,0.0134879957,-0.012881,0.005620872512072968,0.014671949945312223,0.027678842808823947,convergence,False,False
696046__147535,696046,147535,2021-08-03,2021-08-17,14,22.787409619765,23.655345311905997,22.559688481985937,23.214032112060426,0.029004994044886177,-0.03808838769406151,-0.009083393649175334,-0.047171781343236845,0.013218,0.000384,0.0134815391,0.013460763,-0.001541,-0.00946695529301095,-0.04755534298707246,-0.04596711870463205,convergence,False,False
696046__147535,696046,147535,2022-10-13,2022-10-18,5,17.976955633812,18.143137322376,18.075254404821965,18.069595859949338,-0.0003130547845079217,-0.009244150786656857,-0.00955720557116478,-0.018801356357821635,0.013218,0.000137,0.0121407838,0.0120452188,-0.007871,-0.009694191872534643,-0.018938342659191497,-0.011006973000757364,convergence,False,False
696046__147535,696046,147535,2022-11-10,2022-11-25,15,19.122294612140998,20.000615235953,19.261190165074815,19.88768131792419,0.03252608730198589,-0.04593175879919475,-0.013405671497208858,-0.05933743029640361,0.013218,0.000411,0.0124216656,0.0122473983,-0.014029,-0.013816630401318447,-0.059748389200513195,-0.04505665394326417,convergence,False,False
696046__147535,696046,147535,2024-01-11,2024-01-16,5,18.743843427624,19.548797098094,18.898914438467937,19.427302074141185,0.027958623623256223,-0.042944963426427646,-0.014986339803171423,-0.057931303229599065,0.013218,0.000137,0.0120682581,0.0120211095,-0.003907,-0.015123326104541287,-0.05806828953096893,-0.054036481155730114,convergence,False,False
696046__147535,696046,147535,2024-07-18,2024-07-31,13,22.15995425,22.219565130234997,22.079855770914804,22.113529992117854,0.001525110560160824,-0.002690027224898212,-0.0011649166647373877,-0.0038549438896355996,0.013218,0.000356,0.0119432927,0.0119445769,0.000108,-0.0015210810482990315,-0.004211108273197243,-0.004318785469112023,convergence,False,False
696046__147535,696046,147535,2024-12-09,2024-12-12,3,23.066275463812,23.344092749999998,22.901193771614885,23.166079494079668,0.011566459159570013,-0.012044306269725078,-0.0004778471101550656,-0.012522153379880144,0.013218,8.2e-05,0.0117806451,0.0117911326,0.00089,-0.0005600388909769834,-0.012604345160702062,-0.013504072404922485,convergence,False,False
696046__147535,696046,147535,2024-12-19,2024-12-30,11,23.325218264047,22.189445728328998,23.309756443461573,22.054440180776222,-0.053853684217171204,0.048692900656310545,-0.005160783560860659,0.043532117095449886,0.013218,0.000301,0.0117713538,0.0116847686,-0.007356,-0.0054621534238743575,0.04323074723243619,0.05024177764182908,convergence,False,False
696046__147535,696046,147535,2025-02-28,2025-03-06,6,20.018662271671,19.82992825,19.441224721378227,19.501053077446024,0.0030773964565106713,0.009427903778470054,0.012505300234980725,0.02193320401345078,0.013218,0.000164,0.0114586908,0.0114797381,0.001837,0.012340916673336888,0.021768820451806944,0.019929747930941887,convergence,False,False
696046__147535,696046,147535,2025-04-09,2025-04-16,7,17.588533963812,16.647101268093998,16.41375492373049,16.329995621952918,-0.005102994541271957,0.053525364743586865,0.04842237020231491,0.10194773494590177,0.013218,0.000192,0.0116009285,0.0117109732,0.009486,0.0482305893803971,0.10175595412398396,0.09240718860067071,convergence,False,False
696046__147535,696046,147535,2025-09-08,2025-09-10,2,16.722044894282,17.048714043811998,16.825245748840018,17.220431056826953,0.023487639579599033,-0.0195352393559056,0.003952400223693434,-0.015582839132212166,0.013218,5.5e-05,0.0113317013,0.0113292625,-0.000215,0.003897605703145488,-0.01563763365276011,-0.015417312016165734,convergence,False,False
696046__147535,696046,147535,2025-10-21,2025-10-29,8,17.339545713812,16.948318380234998,17.24636297378621,16.95932614551381,-0.016643325245368164,0.022562721078982294,0.00591939583361413,0.028482116912596424,0.013218,0.000219,0.0113922455,0.0112826062,-0.009624,0.005700217751422349,0.028262938830404642,0.037818757367297964,convergence,False,False
696046__147535,696046,147535,2025-12-04,2025-12-08,4,18.215974394282,17.791714848094,17.94568543842721,17.761909142714035,-0.010240695254785402,0.02329052165999838,0.013049826405212978,0.03634034806521136,0.013218,0.00011,0.0111179044,0.0111213665,0.000311,0.012940237364117087,0.03623075902411547,0.035922645296458194,convergence,False,False
696046__147535,696046,147535,2025-12-18,2025-12-23,5,19.102371568328998,18.645160822376,18.46709946342492,18.446395751917645,-0.0011211133371690823,0.023934763509209336,0.022813650172040255,0.04674841368124959,0.013218,0.000137,0.0111635804,0.0111341221,-0.002639,0.022676663870670393,0.04661142737987972,0.04925422881879876,convergence,False,False
755443__905209,755443,905209,2021-01-06,2021-01-08,2,15.39177948,15.74924634,15.407533344003136,15.552083075024163,0.009381756819451411,-0.02322453102089264,-0.01384277420144123,-0.03706730522233387,0.014611,5.5e-05,0.7769099866,0.7700005328,-0.008894,-0.013897568721989176,-0.03712209974288181,-0.028064603912397425,convergence,False,False
755443__905209,755443,905209,2021-05-13,2021-05-14,1,19.657335741505,20.083811041398,0.0,0.0,0.0,-0.02169547824288967,-0.02169547824288967,-0.04339095648577934,0.014611,0.0,0.0,0.0,0.0,-0.02169547824288967,-0.04339095648577934,-0.04339095648577934,overnight_abort,True,False
755443__905209,755443,905209,2021-06-21,2021-06-22,1,19.955629024408,20.274895862795997,0.0,0.0,0.0,-0.01599883611774385,-0.01599883611774385,-0.0319976722354877,0.014611,0.0,0.0,0.0,0.0,-0.01599883611774385,-0.0319976722354877,-0.0319976722354877,overnight_abort,True,False
755443__905209,755443,905209,2021-11-05,2021-11-09,4,16.972726024408,16.694610439893,16.88238932046765,16.532599518959707,-0.02071921188808675,0.01638602921622899,-0.004333182671857762,0.012052846544371228,0.014611,0.00011,0.7421975371,0.7327078207,-0.012786,-0.004442771712953653,0.011943257503275337,0.024626480873639132,convergence,False,False
759739__922362,759739,922362,2021-02-24,2021-03-03,7,11.368815605,11.4210771136095,5.688665486590402,5.632928429983957,-0.009797914245060031,-0.004596917605604955,-0.014394831850664987,-0.01899174945626994,0.009467,0.000192,0.0094139789,0.0092614022,-0.016207,-0.014586612672582796,-0.019183530278187748,-0.0028704749421819917,convergence,False,False
759739__922362,759739,922362,2021-06-21,2021-06-23,2,9.79950066713905,9.8002471689438,4.86923227769175,4.900911317817741,0.0065059619914062455,-7.617753496903946e-05,0.006429784456437206,0.006353606921468167,0.009467,5.5e-05,0.0090370973,0.0090191657,-0.001984,0.00637498993588926,0.0062988124009202215,0.008299913490353148,convergence,False,False
759739__922362,759739,922362,2021-07-28,2021-07-29,1,11.159573599999998,11.531473155,0.0,0.0,0.0,-0.03332560618624375,-0.03332560618624375,-0.0666512123724875,0.009467,0.0,0.0,0.0,0.0,-0.03332560618624375,-0.0666512123724875,-0.0666512123724875,overnight_abort,True,False
759739__922362,759739,922362,2021-11-09,2021-11-11,2,10.840729636390499,11.01963231,5.405067190056222,5.474013705875021,0.012755903561317537,-0.01650282588073734,-0.003746922319419803,-0.020249748200157142,0.009467,5.5e-05,0.0087788597,0.0087823292,0.000395,-0.0038017168399677483,-0.020304542720705088,-0.02070463665107208,convergence,False,False
759739__922362,759739,922362,2022-02-08,2022-02-09,1,10.531847585,10.9694528386095,0.0,0.0,0.0,-0.041550663364399706,-0.041550663364399706,-0.08310132672879941,0.009467,0.0,0.0,0.0,0.0,-0.041550663364399706,-0.08310132672879941,-0.08310132672879941,overnight_abort,True,False
759739__922362,759739,922362,2022-03-09,2022-03-10,1,7.8341205055281,8.10916476,0.0,0.0,0.0,-0.0351085044297975,-0.0351085044297975,-0.070217008859595,0.009467,0.0,0.0,0.0,0.0,-0.0351085044297975,-0.070217008859595,-0.070217008859595,overnight_abort,True,False
759739__922362,759739,922362,2023-01-23,2023-02-21,29,6.78541980319525,7.99876801608285,3.394891453875109,3.9498969590477078,0.1634825480323049,-0.17881697051614034,-0.015334422483835458,-0.1941513929999758,0.009467,0.000795,0.0076825568,0.0074120743,-0.035207,-0.016128943031780665,-0.194945913547921,-0.15248793814714168,convergence,False,False
759739__922362,759739,922362,2023-05-11,2023-05-16,5,7.89739080408285,7.49696326608285,3.8783643966825414,3.699943786503828,-0.04600408624092414,0.05070377646665071,0.004699690225726569,0.05540346669237728,0.009467,0.000137,0.0073678388,0.0072629553,-0.014235,0.004562703924356706,0.055266480391007414,0.06904302537686881,convergence,False,False
759739__922362,759739,922362,2023-10-31,2023-11-01,1,7.6622425464437995,7.9586237364438,0.0,0.0,0.0,-0.038680737160631556,-0.038680737160631556,-0.07736147432126311,0.009467,0.0,0.0,0.0,0.0,-0.038680737160631556,-0.07736147432126311,-0.07736147432126311,overnight_abort,True,False
759739__922362,759739,922362,2023-12-12,2023-12-13,1,7.9985249380281,7.8632805328609505,0.0,0.0,0.0,0.01690866831259664,0.01690866831259664,0.03381733662519328,0.009467,0.0,0.0,0.0,0.0,0.01690866831259664,0.03381733662519328,0.03381733662519328,overnight_abort,True,False
759739__922362,759739,922362,2024-05-09,2024-05-13,4,7.6423152346390495,7.1557359357219,3.8030308944981988,3.590653590635945,-0.055844222609260794,0.06366909555257713,0.007824872943316338,0.07149396849589347,0.009467,0.00011,0.0064211637,0.0063928396,-0.004411,0.0077152839022204475,0.07138437945479759,0.07556755380730175,convergence,False,False
759739__922362,759739,922362,2024-08-05,2024-08-06,1,5.63957013036095,5.6202136014438,0.0,0.0,0.0,0.0034322702741016297,0.0034322702741016297,0.006864540548203259,0.009467,0.0,0.0,0.0,0.0,0.0034322702741016297,0.006864540548203259,0.006864540548203259,overnight_abort,True,False
759739__922362,759739,922362,2024-12-17,2024-12-18,1,5.0865731039438,6.001584408556201,0.0,0.0,0.0,-0.1798875757635254,-0.1798875757635254,-0.3597751515270508,0.009467,0.0,0.0,0.0,0.0,-0.1798875757635254,-0.3597751515270508,-0.3597751515270508,overnight_abort,True,False
759739__922362,759739,922362,2025-04-09,2025-04-10,1,4.55350428608285,4.4459904864438,0.0,0.0,0.0,0.023611221794091853,0.023611221794091853,0.047222443588183706,0.009467,0.0,0.0,0.0,0.0,0.023611221794091853,0.047222443588183706,0.047222443588183706,overnight_abort,True,False
906640__906433,906640,906433,2021-06-21,2021-06-23,2,26.254998729565997,25.139112316956002,25.38563099601342,25.13128470444984,-0.010019301533356463,0.04250186503926148,0.03248256350590502,0.0749844285451665,0.011213999999999998,5.5e-05,0.0090370973,0.0090191657,-0.001984,0.032427768985357076,0.07492963402461855,0.07689788014439264,convergence,False,False
906640__906433,906640,906433,2021-10-28,2021-11-01,4,27.159309025326998,26.950486724673,26.668982192048095,26.615446813902732,-0.0020074023732831064,0.0076887928356080435,0.005681390462324937,0.013370183297932981,0.011213999999999998,0.00011,0.0087707758,0.0087746238,0.000439,0.005571801421229046,0.01326059425683709,0.01282293725829226,convergence,False,False
906640__906433,906640,906433,2022-01-31,2022-02-02,2,25.160831025327,24.318496303044,24.65583997010585,24.25346831823196,-0.01631952723418659,0.03347801674098527,0.017158489506798682,0.05063650624778396,0.011213999999999998,5.5e-05,0.0087164952,0.0086979204,-0.002131,0.017103694986250736,0.050581711727236016,0.05268240559487954,convergence,False,False
906640__906433,906640,906433,2022-07-29,2022-08-02,4,23.192344184673,21.296193079239,23.085692624740233,21.252252288723685,-0.07941890095390533,0.08175763046355185,0.002338729509646517,0.08409635997319836,0.011213999999999998,0.00011,0.0075973409,0.0074696545,-0.016807,0.002229140468550627,0.08398677093210248,0.09972319976495414,convergence,False,False
906640__906433,906640,906433,2022-10-31,2022-11-02,2,19.784936196956,20.26541025,19.87398983851849,20.204467095679874,0.016628631686269362,-0.024284842177955655,-0.0076562104916862925,-0.03194105266964195,0.011213999999999998,5.5e-05,0.0067433157,0.0068210498,0.011528,-0.007711005012234238,-0.03199584719018989,-0.043581558192969,convergence,False,False
906640__906433,906640,906433,2023-06-02,2023-06-05,1,24.681200302283,25.059049435434,0.0,0.0,0.0,-0.015309187905097617,-0.015309187905097617,-0.030618375810195234,0.011213999999999998,0.0,0.0,0.0,0.0,-0.015309187905097617,-0.030618375810195234,-0.030618375810195234,overnight_abort,True,False
906640__906433,906640,906433,2023-07-28,2023-08-02,5,28.937968434673,28.236468612717,28.35276488841392,27.825638216183123,-0.018591720218658517,0.024241502078476,0.005649781859817484,0.029891283938293486,0.011213999999999998,0.000137,0.0070276538,0.0070148364,-0.001824,0.0055127955584476215,0.029754297636923624,0.03154751158632797,convergence,False,False
906640__906433,906640,906433,2024-04-26,2024-04-30,1,27.958703223044,29.802661579239,0.0,0.0,0.0,-0.06595292855625651,-0.06595292855625651,-0.13190585711251301,0.011213999999999998,0.0,0.0,0.0,0.0,-0.06595292855625651,-0.13190585711251301,-0.13190585711251301,overnight_abort,True,False
906640__906433,906640,906433,2024-08-05,2024-08-07,2,25.970227605434,25.869678855327003,26.032351892661957,25.44556275187594,-0.022540765552244327,0.0038716930646368235,-0.018669072487607505,-0.01479737942297068,0.011213999999999998,5.5e-05,0.0069288065,0.0067895572,-0.020097,-0.01872386700815545,-0.014852173943518626,0.00519486449595225,convergence,False,False
906640__906433,906640,906433,2025-04-07,2025-04-08,1,25.590511789239,25.819637803044003,0.0,0.0,0.0,-0.008953553398699646,-0.008953553398699646,-0.01790710679739929,0.011213999999999998,0.0,0.0,0.0,0.0,-0.008953553398699646,-0.01790710679739929,-0.01790710679739929,overnight_abort,True,False
906640__906433,906640,906433,2025-04-09,2025-04-10,1,27.848786933044,26.950486724673,0.0,0.0,0.0,0.03225634964031853,0.03225634964031853,0.06451269928063706,0.011213999999999998,0.0,0.0,0.0,0.0,0.03225634964031853,0.06451269928063706,0.06451269928063706,overnight_abort,True,False
91091C__140619,91091C,140619,2021-07-30,2021-08-03,4,9.911037278794,10.06421648,19.90630068197022,20.053746071715842,0.007406970893349846,-0.01545541570444382,-0.008048444811093973,-0.023503860515537794,0.008838,0.00011,0.0091487123,0.0091336704,-0.001644,-0.008158033852189864,-0.023613449556633685,-0.02195438871341778,convergence,False,False
91091C__140619,91091C,140619,2021-09-29,2021-10-01,2,9.826242199035201,9.7434449407236,19.669174592601205,19.62505050414937,-0.0022433116470699363,0.008426136526507592,0.0061828248794376555,0.014608961405945246,0.008838,5.5e-05,0.0089859362,0.0090183523,0.003607,0.00612803035888971,0.014554166885397301,0.010967771110493242,convergence,False,False
91091C__140619,91091C,140619,2021-10-29,2021-11-01,1,9.9659039204824,10.39501244,0.0,0.0,0.0,-0.043057661697467865,-0.043057661697467865,-0.08611532339493573,0.008838,0.0,0.0,0.0,0.0,-0.043057661697467865,-0.08611532339493573,-0.08611532339493573,overnight_abort,True,False
91091C__140619,91091C,140619,2022-10-13,2022-10-18,5,8.2201249204824,8.079441221206,16.335240227282473,16.198245348345164,-0.008386462459762599,0.01711454517264727,0.008728082712884671,0.02584262788553194,0.008838,0.000137,0.0067226891,0.0066711141,-0.007672,0.008591096411514808,0.025705641584162078,0.03337189753961604,convergence,False,False
91091C__140619,91091C,140619,2022-10-31,2022-11-02,2,8.788750778794,9.3825760192764,17.635377285331842,18.931268029435945,0.07348245082241336,-0.06756651262830374,0.005915938194109627,-0.06165057443419411,0.008838,5.5e-05,0.0067433157,0.0068210498,0.011528,0.005861143673561681,-0.06170536895474205,-0.07393899788682735,convergence,False,False
91091C__140619,91091C,140619,2023-02-14,2023-02-16,2,10.384891080000001,10.334868722412,20.563088684766605,20.59362431300625,0.0014849728417630674,0.0048168398881271975,0.006301812729890265,0.011118652618017463,0.008838,5.5e-05,0.0074557316,0.0074535087,-0.000298,0.0062470182093423195,0.011063858097469518,0.011362536348979591,convergence,False,False
91091C__140619,91091C,140619,2023-11-02,2023-11-06,1,12.230429877588001,12.31964348,0.0,0.0,0.0,-0.007294396297180076,-0.007294396297180076,-0.014588792594360153,0.008838,0.0,0.0,0.0,0.0,-0.007294396297180076,-0.014588792594360153,-0.014588792594360153,overnight_abort,True,False
91091C__140619,91091C,140619,2023-11-24,2023-11-28,4,12.769127397588,12.870971082412002,25.574984442827823,25.721643813964214,0.005734485253128642,-0.007975774824146426,-0.002241289571017784,-0.01021706439516421,0.008838,0.00011,0.006725628,0.0067914021,0.00978,-0.0023508786121136742,-0.0103266534362601,-0.02006709872759209,convergence,False,False
91091C__140619,91091C,140619,2023-12-22,2023-12-28,6,13.178138477588,12.770728880000002,26.352863168372373,25.55382585364895,-0.030320702142239947,0.030915565068683846,0.0005948629264438988,0.031510427995127745,0.008838,0.000164,0.007022718,0.0070889301,0.009428,0.00043047936480006325,0.03134604443348391,0.022289035585605996,convergence,False,False
91091C__140619,91091C,140619,2024-04-26,2024-05-01,5,13.32777568,13.522537880000002,26.667697665579603,27.696585672992445,0.038581808610378965,-0.014613256155884019,0.023968552454494946,0.009355296298610927,0.008838,0.000137,0.006336734,0.0065085095,0.027108,0.023831566153125084,0.009218309997241063,-0.018192406613828004,convergence,False,False
91091C__140619,91091C,140619,2024-05-09,2024-05-13,4,14.095919437588,13.993672522412002,27.98812174362467,27.90616011361633,-0.0029284433860593067,0.0072536534866500324,0.004325210100590726,0.011578863587240758,0.008838,0.00011,0.0064211637,0.0063928396,-0.004411,0.004215621059494835,0.011469274546144867,0.015886897424824485,convergence,False,False
91091C__140619,91091C,140619,2024-06-27,2024-07-01,4,13.83654556,13.64282732,27.346434611119744,27.227541889496774,-0.00434764982396006,0.014000477153778768,0.009652827329818708,0.023653304483597475,0.008838,0.00011,0.0062167791,0.0061934841,-0.003747,0.009543238288722817,0.023543715442501584,0.027288573929722292,convergence,False,False
91091C__140619,91091C,140619,2024-08-05,2024-08-06,1,12.439923357588,12.780753,0.0,0.0,0.0,-0.027398050021273154,-0.027398050021273154,-0.05479610004254631,0.008838,0.0,0.0,0.0,0.0,-0.027398050021273154,-0.05479610004254631,-0.05479610004254631,overnight_abort,True,False
91091C__140619,91091C,140619,2024-12-27,2025-01-06,10,13.1681616,12.840898722412001,26.12264548815886,25.574182185130468,-0.02099570287691592,0.02485258668058858,0.0038568838036726616,0.028709470484261243,0.008838,0.000274,0.0063757208,0.0063273118,-0.007593,0.0035829112009329355,0.028435497881521516,0.03592566440365047,convergence,False,False
91091C__140619,91091C,140619,2025-03-24,2025-03-26,2,13.6669556,13.7330444,27.40463219070882,27.464545538191675,0.0021862489182820576,-0.004835663620653093,-0.002649414702371035,-0.0074850783230241275,0.008838,5.5e-05,0.0066706686,0.0066201053,-0.00758,-0.0027042092229189805,-0.007539872843572073,0.00011466460916745148,convergence,False,False
91091C__140619,91091C,140619,2025-04-09,2025-04-10,1,13.95625612,13.89343032,0.0,0.0,0.0,0.004501622746086477,0.004501622746086477,0.009003245492172953,0.008838,0.0,0.0,0.0,0.0,0.004501622746086477,0.009003245492172953,0.009003245492172953,overnight_abort,True,False
91091C__140619,91091C,140619,2025-06-27,2025-07-01,4,14.90396472,14.805626242412002,29.419844599397674,29.380313728007796,-0.0013436804962147174,0.006598142134356692,0.005254461638141974,0.011852603772498667,0.008838,0.00011,0.0069427565,0.0069596687,0.002436,0.0051448725970460836,0.011743014731402776,0.00931625045069619,convergence,False,False
91091C__140619,91091C,140619,2025-07-31,2025-08-01,1,14.8640612,15.387124441200001,0.0,0.0,0.0,-0.035189793298213874,-0.035189793298213874,-0.07037958659642775,0.008838,0.0,0.0,0.0,0.0,-0.035189793298213874,-0.07037958659642775,-0.07037958659642775,overnight_abort,True,False
91091C__140619,91091C,140619,2025-10-02,2025-10-03,1,16.360437214472,16.790401000000003,0.0,0.0,0.0,-0.026280702642082706,-0.026280702642082706,-0.05256140528416541,0.008838,0.0,0.0,0.0,0.0,-0.026280702642082706,-0.05256140528416541,-0.05256140528416541,overnight_abort,True,False
91091C__140619,91091C,140619,2025-10-30,2025-10-31,1,16.759482390352,17.401873322412,0.0,0.0,0.0,-0.038329998331559895,-0.038329998331559895,-0.07665999666311979,0.008838,0.0,0.0,0.0,0.0,-0.038329998331559895,-0.07665999666311979,-0.07665999666311979,overnight_abort,True,False
91091C__140619,91091C,140619,2025-11-25,2025-12-01,6,18.824481569648,18.905491322412,37.26789811527882,37.75047594740697,0.012948887823923365,-0.00430342543375101,0.008645462390172354,0.004342036956421344,0.008838,0.000164,0.006390593,0.0064156027,0.003914,0.008481078828528518,0.004177653394777508,0.00022891327098362055,convergence,False,False
9295FG__9296WJ,9295FG,9296WJ,2021-01-07,2021-01-22,15,6.49997992819725,7.60014490532875,3.2461187866133256,3.7717742468007747,0.1619335257708992,-0.16925667298739291,-0.007323147216493714,-0.17657982020388663,0.028964,0.000411,0.0356926165,0.0357193847,0.00075,-0.007734106120603303,-0.1769907791079962,-0.17786153512089423,convergence,False,False
9295FG__9296WJ,9295FG,9296WJ,2021-02-04,2021-02-18,14,7.18262684680275,8.45920317393425,3.5864966071695945,4.1024231390096455,0.14385250799030086,-0.17773112182484488,-0.03387861383454402,-0.2116097356593889,0.028964,0.000384,0.0357283231,0.0358102008,0.002292,-0.03426217547837963,-0.21199329730322453,-0.21460864182520975,convergence,False,False
9295FG__9296WJ,9295FG,9296WJ,2021-07-29,2021-08-02,4,8.6468532521315,9.1262370228685,4.258214137117594,4.481647503891789,0.05247114390668905,-0.05544025748544177,-0.0029691135787527217,-0.05840937106419449,0.028964,0.00011,0.0357973894,0.0358474372,0.001398,-0.003078702619848612,-0.05851896010529038,-0.05998835009325903,convergence,False,False
9295FG__9296WJ,9295FG,9296WJ,2021-12-07,2021-12-09,2,8.013674645737002,7.52939827393425,3.9104402690978346,3.7473229296806934,-0.04171329267094867,0.06043124948432614,0.01871795681337747,0.07914920629770361,0.028964,5.5e-05,0.0360698312,0.0361702845,0.002785,0.018663162292829525,0.07909441177715566,0.07643302651497082,convergence,False,False
9295FG__9296WJ,9295FG,9296WJ,2022-04-28,2022-05-05,7,6.866036554263,6.64001947180275,3.3301752292296363,3.215419115249791,-0.0344594821835822,0.032918129793515286,-0.001541352390066912,0.03137677740344837,0.028964,0.000192,0.0339558608,0.0336927303,-0.007749,-0.0017331332119847203,0.031184996581530566,0.03872558937294632,convergence,False,False
9295FG__9296WJ,9295FG,9296WJ,2022-08-12,2022-08-22,10,6.331791703197251,5.92245264680275,3.010068003156921,2.90209028364853,-0.035872186075246615,0.06464821895322365,0.02877603287797703,0.09342425183120068,0.028964,0.000274,0.0333177762,0.0331049084,-0.006389,0.028502060275237304,0.09315027922846095,0.099349715402372,convergence,False,False
9295FG__9296WJ,9295FG,9296WJ,2022-11-10,2022-11-16,6,5.9756287,6.245863754263,2.9296499296200684,2.960997606956947,0.010700144416552764,-0.04522286571503345,-0.034522721298480684,-0.07974558701351414,0.028964,0.000164,0.0321419388,0.0321336802,-0.000257,-0.03468710486012452,-0.07990997057515797,-0.07965021295758286,convergence,False,False
9295FG__9296WJ,9295FG,9296WJ,2023-02-01,2023-02-21,20,7.4695360728685,7.013962645737,3.4783481626825523,3.31036505311256,-0.04829393197960988,0.06099085976521001,0.01269692778560013,0.07368778755081014,0.028964,0.000548,0.0336417078,0.0327396468,-0.026814,0.012148982580120678,0.07313984234533069,0.09936177847887918,convergence,False,False
9295FG__9296WJ,9295FG,9296WJ,2023-05-26,2023-05-31,5,7.796019097868499,7.70121004893425,3.594819539701002,3.6216877919101984,0.007474158831191646,0.012161213017060319,0.019635371848251964,0.03179658486531228,0.028964,0.000137,0.0327043245,0.0326062073,-0.003,0.019498385546882102,0.03165959856394242,0.03469124657584923,convergence,False,False
9295FG__9296WJ,9295FG,9296WJ,2023-06-12,2023-08-24,73,8.77546787606575,7.60014490532875,4.15818272434448,3.4742669571163813,-0.16447467861959228,0.13393279849415,-0.03054188012544229,0.1033909183687077,0.028964,0.002,0.0326168531,0.0314198676,-0.036698,-0.03254188012544229,0.1013909183687077,0.13322146925795442,convergence,False,False
9295FG__9296WJ,9295FG,9296WJ,2024-01-18,2024-01-31,13,8.9535498228685,9.389008174999999,4.187863823221672,4.3036168395837056,0.027640109910017537,-0.048635274360040295,-0.02099516445002276,-0.06963043881006306,0.028964,0.000356,0.0318466287,0.0320010312,0.004848,-0.021351328833584402,-0.06998660319362471,-0.07494488722762127,convergence,False,False
9295FG__9296WJ,9295FG,9296WJ,2024-02-15,2024-05-15,90,9.527368472868499,10.844354975,4.48064413369575,4.737206136644866,0.057260071385650625,-0.13823192688326694,-0.08097185549761632,-0.21920378238088326,0.028964,0.002466,0.0318826657,0.0310810009,-0.025144,-0.08343760892227385,-0.2216695358055408,-0.19439988041695394,force_close,False,False
9295FG__9296WJ,9295FG,9296WJ,2025-04-09,2025-04-11,2,8.261010270737001,8.3884574521315,3.869451549790472,4.077641955008872,0.05380359530013321,-0.015427553921092947,0.038376041379040264,0.02294848745794732,0.028964,5.5e-05,0.0304720096,0.0308928058,0.013809,0.03832124685849232,0.022893692937399374,0.008539653640372069,convergence,False,False
9295FG__9296WJ,9295FG,9296WJ,2025-11-05,2025-11-13,8,15.661291775,14.7859202356575,7.755853667389565,7.275493898484189,-0.061935125326707384,0.0558939551040004,-0.006041170222706983,0.04985278488129342,0.028964,0.000219,0.0322601437,0.0325319637,0.008426,-0.006260348304898764,0.049633606799101636,0.0417956294613336,convergence,False,False
9295FG__9296WJ,9295FG,9296WJ,2025-11-19,2025-12-29,40,13.920048975,16.190738203287502,6.816545553485205,7.951939195430022,0.1665643738512546,-0.1631236522490397,0.0034407216022148968,-0.15968293064682482,0.028964,0.001096,0.0318806338,0.0319938603,0.003552,0.0023448311912559927,-0.1607788210577837,-0.16490730070473242,convergence,False,False
932939__691938,932939,691938,2021-01-04,2021-01-06,2,25.408527195821,24.477988580821002,4.935847090536455,4.938709901552051,0.0005800039918346078,0.03662308357459804,0.03720308756643265,0.07382617114103068,0.032212000000000005,5.5e-05,0.7759458644,0.7769099866,0.001243,0.037148293045884705,0.07377137662048273,0.07252968657741053,convergence,False,False
932939__691938,932939,691938,2021-05-03,2021-05-20,17,21.720342284179,25.641700533607,4.113457325763702,5.007396027721206,0.21732052411447733,-0.18053851077127359,0.036782013343203745,-0.14375649742806984,0.032212000000000005,0.000466,0.7705941281,0.7733054943,0.003519,0.03631625991854621,-0.14422225085272738,-0.14849042397186155,convergence,False,False
932939__691938,932939,691938,2022-01-19,2022-01-21,2,20.7135757331965,20.314729125,3.879197713918874,3.876747339997425,-0.0006316702839499104,0.01925532381921344,0.018623653535263532,0.03787897735447697,0.032212000000000005,5.5e-05,0.7225957199,0.714081589,-0.011783,0.018568859014715586,0.03782418283392903,0.049739841923295225,convergence,False,False
932939__691938,932939,691938,2022-03-01,2022-03-03,2,24.650946567785997,23.926243547375503,4.767589776826765,4.554571258525592,-0.0446805468323985,0.02939858793729003,-0.015281958895108468,0.014116629042181562,0.032212000000000005,5.5e-05,0.7297406305,0.737082627,0.010061,-0.015336753415656414,0.014061834521633617,0.004546005733094775,convergence,False,False
932939__691938,932939,691938,2022-11-04,2022-11-15,11,14.57326717,17.806737875,2.8613067943630814,3.43347391623829,0.19996706504958034,-0.22187685625199446,-0.021909791202414125,-0.2437866474544086,0.032212000000000005,0.000301,0.647899019,0.6741042839,0.040447,-0.022211161065427823,-0.2440880173174223,-0.29073577725891625,convergence,False,False
932939__691938,932939,691938,2023-03-13,2023-03-21,8,19.218370483196498,20.876517158607,3.5664165213323282,4.123597060960609,0.1562297999393889,-0.08627925436551952,0.06995054557386939,-0.01632870879165013,0.032212000000000005,0.000219,0.6681142922,0.668404295,0.000434,0.0697313674916776,-0.016547886873841913,-0.017049544152130183,convergence,False,False
932939__691938,932939,691938,2023-03-30,2023-04-12,13,24.072798544178998,27.056211611393003,4.5442593410132694,5.435122236252143,0.19604138505005103,-0.12393295535368569,0.07210842969636534,-0.05182452565732035,0.032212000000000005,0.000356,0.6686054889,0.6781040212,0.014206,0.0717522653128037,-0.052180690040881994,-0.06893422249734857,convergence,False,False
951465__912507,951465,912507,2021-01-14,2021-01-15,1,21.124870031902002,21.455775163944,0.0,0.0,0.0,-0.015664244634039284,-0.015664244634039284,-0.03132848926807857,0.010906,0.0,0.0,0.0,0.0,-0.015664244634039284,-0.03132848926807857,-0.03132848926807857,overnight_abort,True,False
951465__912507,951465,912507,2021-04-26,2021-04-28,2,25.088890327958,23.935690747958,24.89431843791688,23.574023458671206,-0.053035996247027754,0.04596455103934691,-0.007071445207680847,0.03889310583166606,0.010906,5.5e-05,0.0092000544,0.0091503858,-0.005399,-0.007126239728228793,0.03883831131111812,0.043978463578447057,convergence,False,False
951465__912507,951465,912507,2021-07-19,2021-07-27,8,23.714424668028002,23.97585934007,23.73808349142851,23.7205364709218,-0.000739192804383193,-0.011024289043556904,-0.011763481847940098,-0.022787770891497,0.010906,0.000219,0.0091029084,0.0090979393,-0.000546,-0.01198265993013188,-0.02300694897368878,-0.022461174077494917,convergence,False,False
951465__912507,951465,912507,2023-05-17,2023-05-19,2,24.202463783944,24.72886984007,23.93780123669848,24.602906062505223,0.02778470834602331,-0.021750102007185697,0.006034606338837612,-0.015715495668348085,0.010906,5.5e-05,0.0072085055,0.0072147469,0.000866,0.005979811818289667,-0.01577029018889603,-0.016659415693585738,convergence,False,False
951465__912507,951465,912507,2023-06-15,2023-06-20,5,26.463355987888,27.349347384084002,26.40661030608044,27.299701388772608,0.03382073928990882,-0.03347993340684039,0.00034080588306843046,-0.03313912752377196,0.010906,0.000137,0.0070504454,0.0070479614,-0.000352,0.00020381958169856746,-0.033276113825141826,-0.032911751625826144,convergence,False,False
951465__912507,951465,912507,2024-01-30,2024-02-06,7,26.702382668028,27.058174287958,26.80593545566791,27.089214473331708,0.010567772131373264,-0.013324339792194074,-0.0027565676608208092,-0.01608090745301488,0.010906,0.000192,0.0068075832,0.0067483214,-0.008705,-0.0029483484827386173,-0.016272688274932688,-0.0073981753925890835,convergence,False,False
951465__912507,951465,912507,2024-07-25,2024-07-26,1,29.27202854,30.51198546,0.0,0.0,0.0,-0.042359787887798955,-0.042359787887798955,-0.08471957577559791,0.010906,0.0,0.0,0.0,0.0,-0.042359787887798955,-0.08471957577559791,-0.08471957577559791,overnight_abort,True,False
951465__912507,951465,912507,2024-08-05,2024-08-06,1,27.588809212042,28.273038256056,0.0,0.0,0.0,-0.024800963273012396,-0.024800963273012396,-0.04960192654602479,0.010906,0.0,0.0,0.0,0.0,-0.024800963273012396,-0.04960192654602479,-0.04960192654602479,overnight_abort,True,False
951465__912507,951465,912507,2025-01-30,2025-02-07,8,33.564725212042006,31.443704427915996,32.82962094924451,31.28386516332045,-0.0470841801162992,0.06319196033117089,0.016107780214871685,0.07929974054604258,0.010906,0.000219,0.006443091,0.0065789474,0.021086,0.015888602132679903,0.0790805624638508,0.05940268621385249,convergence,False,False
951465__912507,951465,912507,2025-03-13,2025-03-19,6,32.738055836056,33.15254730007,32.4077210046059,32.775991101366486,0.011363653022940115,-0.012660845411519498,-0.001297192388579383,-0.01395803780009888,0.010906,0.000164,0.0067278905,0.0066972503,-0.004554,-0.0014615759502232186,-0.014122421361742717,-0.00949539038436473,convergence,False,False
951465__912507,951465,912507,2025-04-07,2025-04-08,1,27.598779031902,28.011984575916,0.0,0.0,0.0,-0.014971877688370381,-0.014971877688370381,-0.029943755376740763,0.010906,0.0,0.0,0.0,0.0,-0.014971877688370381,-0.029943755376740763,-0.029943755376740763,overnight_abort,True,False
951465__912507,951465,912507,2025-04-09,2025-04-10,1,29.162469084014003,28.895521915986,0.0,0.0,0.0,0.009153791719725697,0.009153791719725697,0.018307583439451394,0.010906,0.0,0.0,0.0,0.0,0.009153791719725697,0.018307583439451394,0.018307583439451394,overnight_abort,True,False
9518JQ__9374RF,9518JQ,9374RF,2021-01-06,2021-01-13,7,9.77889486592305,10.4959972,1.9548589660079532,2.0633147048715124,0.05548008360165147,-0.07333163347280358,-0.01785154987115211,-0.0911831833439557,0.031419,0.000192,0.7769099866,0.7778164871,0.001167,-0.018043330693069917,-0.09137496416587351,-0.09260506566075463,convergence,False,False
9518JQ__9374RF,9518JQ,9374RF,2021-01-28,2021-02-16,19,10.016679645,10.324428014999999,2.0154191960805448,2.0253935557135314,0.004949024824405827,-0.030723591140664735,-0.025774566316258907,-0.056498157456923645,0.031419,0.000521,0.7642921485,0.7751336505,0.014185,-0.026295114261464386,-0.057018705402129125,-0.07107454835966802,convergence,False,False
9518JQ__9374RF,9518JQ,9374RF,2022-01-11,2022-01-12,1,14.797143473269498,15.390765124999998,0.0,0.0,0.0,-0.04011731404800227,-0.04011731404800227,-0.08023462809600454,0.031419,0.0,0.0,0.0,0.0,-0.04011731404800227,-0.08023462809600454,-0.08023462809600454,overnight_abort,True,False
9518JQ__9374RF,9518JQ,9374RF,2022-01-25,2022-01-27,1,13.662711405,14.1494126192305,0.0,0.0,0.0,-0.035622593481143654,-0.035622593481143654,-0.07124518696228731,0.031419,0.0,0.0,0.0,0.0,-0.035622593481143654,-0.07124518696228731,-0.07124518696228731,overnight_abort,True,False
9518JQ__9374RF,9518JQ,9374RF,2022-02-02,2022-02-04,2,14.276988495,14.633842249999999,2.8604580445049717,2.9098340618480845,0.01726157719319312,-0.024995029948015623,-0.007733452754822501,-0.032728482702838124,0.031419,5.5e-05,0.714081589,0.7126058478,-0.002067,-0.007788247275370447,-0.032783277223386066,-0.030676622015215194,convergence,False,False
9518JQ__9374RF,9518JQ,9374RF,2022-02-08,2022-02-09,1,15.406466715769499,16.3959617306915,0.0,0.0,0.0,-0.06422595350231666,-0.06422595350231666,-0.12845190700463333,0.031419,0.0,0.0,0.0,0.0,-0.06422595350231666,-0.12845190700463333,-0.12845190700463333,overnight_abort,True,False
9518JQ__9374RF,9518JQ,9374RF,2022-12-13,2022-12-15,2,14.237357714999998,13.937474214230498,2.880786872756846,2.7562746845798993,-0.04322158968247151,0.021063142949169063,-0.022158446733302445,-0.001095303784133382,0.031419,5.5e-05,0.6863890493,0.6684937939,-0.026072,-0.02221324125385039,-0.0011500983046813273,0.02446239678513754,convergence,False,False
9518JQ__9374RF,9518JQ,9374RF,2024-01-18,2024-01-22,4,10.72012599,10.3547059392305,2.1715401040799267,2.0791657700947277,-0.04253862676155256,0.03408729068206587,-0.008451336079486692,0.025635954602579177,0.031419,0.00011,0.6598045672,0.6580893928,-0.0026,-0.008560925120582583,0.025526365561483286,0.02802179134152849,convergence,False,False
9518JQ__9374RF,9518JQ,9374RF,2024-04-17,2024-04-24,7,10.56160287,10.728121224230499,2.13271292550057,2.142118378633818,0.004410088681316714,-0.015766390412528274,-0.01135630173121156,-0.027122692143739833,0.031419,0.000192,0.6421163332,0.6533598606,0.01751,-0.011548082553129368,-0.02731447296565764,-0.04459914720713014,convergence,False,False
9518JQ__9374RF,9518JQ,9374RF,2025-02-13,2025-02-14,1,11.4532964107695,11.717166104999999,0.0,0.0,0.0,-0.023038755373726526,-0.023038755373726526,-0.04607751074745305,0.031419,0.0,0.0,0.0,0.0,-0.023038755373726526,-0.04607751074745305,-0.04607751074745305,overnight_abort,True,False
9518JQ__9374RF,9518JQ,9374RF,2025-04-09,2025-04-10,1,8.32246350276915,8.47753589723085,0.0,0.0,0.0,-0.01863299183109687,-0.01863299183109687,-0.03726598366219374,0.031419,0.0,0.0,0.0,0.0,-0.01863299183109687,-0.03726598366219374,-0.03726598366219374,overnight_abort,True,False
9518JQ__9374RF,9518JQ,9374RF,2025-10-06,2025-10-07,1,9.38258746223085,9.850089982769148,0.0,0.0,0.0,-0.04982660938895662,-0.04982660938895662,-0.09965321877791324,0.031419,0.0,0.0,0.0,0.0,-0.04982660938895662,-0.09965321877791324,-0.09965321877791324,overnight_abort,True,False
9518JQ__9374RF,9518JQ,9374RF,2025-10-08,2025-10-10,2,9.98695656,10.213412659999998,2.032423736211171,1.9870419353170614,-0.022328907149406642,-0.02267518624312493,-0.04500409339253157,-0.06767927963565651,0.031419,5.5e-05,0.6556300096,0.6514658405,-0.006351,-0.045058887913079514,-0.06773407415620446,-0.061484801359818146,convergence,False,False
9518JQ__9374RF,9518JQ,9374RF,2025-10-13,2025-10-14,1,10.046403720769499,10.5565520392305,0.0,0.0,0.0,-0.05077919747604232,-0.05077919747604232,-0.10155839495208464,0.031419,0.0,0.0,0.0,0.0,-0.05077919747604232,-0.10155839495208464,-0.10155839495208464,overnight_abort,True,False
9518JQ__9374RF,9518JQ,9374RF,2025-10-20,2025-10-22,2,10.3040028,10.314336719230498,2.0700309722142727,2.0252176743789296,-0.021648612236659974,-0.001002903379500147,-0.02265151561616012,-0.02365441899566027,0.031419,5.5e-05,0.6488030006,0.651253833,0.003777,-0.022706310136708065,-0.023709213516208215,-0.02739099649884347,convergence,False,False
9518JQ__9374RF,9518JQ,9374RF,2025-11-21,2025-12-04,13,10.0761268057695,11.656613284230499,2.0300050328722015,2.308980360832462,0.13742592921828659,-0.15685456415217275,-0.019428634933886163,-0.1762831990860589,0.031419,0.000356,0.6464542823,0.6640108005,0.027158,-0.019784799317447806,-0.17663936346962056,-0.20671302945884237,convergence,False,False
