pair_id,adr_ticker,underlying_ticker,status,n_days,adr_zero_return_pct,loc_zero_return_pct,adr_max_stale_run_days,loc_max_stale_run_days,zero_return_spread_fraction,flagged,flag_reason
132934__932068,132934,932068,ok,868,0.0196,0.0,2,0,0.0144,False,
133345__997914,133345,997914,ok,1735,0.0277,0.0415,2,2,0.0484,False,
133553__745287,133553,745287,ok,3080,0.013,0.0091,2,2,0.0181,False,
134286__501936,134286,501936,ok,3569,0.0067,0.0409,1,2,0.0382,False,
134517__314713,134517,314713,ok,3569,0.0216,0.0482,2,2,0.0535,False,
13869U__756413,13869U,756413,ok,1946,0.0447,0.1049,2,3,0.1268,False,
14849F__998511,14849F,998511,ok,1425,0.0225,0.033,2,2,0.0491,False,
151293__937357,151293,937357,ok,3591,0.0694,0.0721,3,3,0.118,False,
151377__912644,151377,912644,ok,2964,0.0098,0.0182,3,2,0.0253,False,
151426__315299,151426,315299,ok,3152,0.0184,0.0194,2,2,0.0283,False,
151427__997310,151427,997310,ok,1739,0.0253,0.0414,3,3,0.0468,False,
151440__916546,151440,916546,ok,3583,0.0304,0.0276,2,3,0.0493,False,
151444__315891,151444,315891,ok,2185,0.0426,0.125,4,5,0.1109,False,
151497__951407,151497,951407,ok,3574,0.0241,0.0459,2,3,0.0557,False,
151516__951410,151516,951410,ok,2256,0.0687,0.0408,4,2,0.0744,False,
151619__540775,151619,540775,ok,3541,0.0059,0.0288,3,3,0.0153,False,
151639__929690,151639,929690,ok,853,0.0293,0.0399,2,2,0.0521,False,
151643__932197,151643,932197,ok,3541,0.0068,0.0175,1,3,0.0125,False,
151646__912177,151646,912177,ok,2167,0.0069,0.0097,1,2,0.0155,False,
151649__916446,151649,916446,ok,618,0.0049,0.0227,2,2,0.0168,False,
151663__929587,151663,929587,ok,3663,0.0074,0.024,1,2,0.0246,False,
151767__729076,151767,729076,ok,3348,0.032,0.0391,2,2,0.0514,False,
25552J__938939,25552J,938939,ok,3277,0.0122,0.0137,2,1,0.0137,False,
2559PW__2674EQ,2559PW,2674EQ,ok,913,0.0537,0.2478,2,16,0.1907,True,['loc_stale_run>5']
25611Z__9307L8,25611Z,9307L8,ok,699,0.0143,0.0072,3,1,0.0173,False,
25797T__317483,25797T,317483,ok,663,0.0106,0.0136,1,1,0.0207,False,
2580RJ__2710VN,2580RJ,2710VN,ok,795,0.0063,0.2859,1,24,0.2507,True,['loc_stale_run>5']
2595KM__9911DF,2595KM,9911DF,ok,1072,0.0149,0.0401,1,2,0.038,False,
26133J__932252,26133J,932252,ok,3528,0.0142,0.0145,2,2,0.0249,False,
263502__140539,263502,140539,ok,2986,0.0576,0.0891,3,3,0.1124,False,
265757__540324,265757,540324,ok,1644,0.0481,0.0627,3,3,0.0888,False,
266613__755996,266613,755996,ok,2944,0.0415,0.0591,5,3,0.0706,False,
26981M__26030V,26981M,26030V,ok,3580,0.0047,0.0615,1,3,0.0551,False,
2721ME__32307F,2721ME,32307F,ok,1903,0.0126,0.0174,1,2,0.0248,False,
27220J__912748,27220J,912748,ok,2556,0.0086,0.0305,2,2,0.0361,False,
27604J__315206,27604J,315206,ok,3569,0.0059,0.0373,1,2,0.0342,False,
28335J__27121Q,28335J,27121Q,ok,3531,0.0229,0.0167,2,2,0.0258,False,
29057K__141025,29057K,141025,ok,1533,0.015,0.079,1,3,0.0815,False,
29057L__140891,29057L,140891,ok,3656,0.0077,0.0172,1,2,0.022,False,
29057P__141026,29057P,141026,ok,519,0.0309,0.1023,4,5,0.1435,False,
29072L__141024,29072L,141024,ok,1627,0.0117,0.0646,1,3,0.072,False,
29235P__29235V,29235P,29235V,ok,3569,0.0224,0.0432,2,2,0.0534,False,
292798__9747A1,292798,9747A1,ok,1406,0.0028,0.0135,1,1,0.01,False,
29573D__929164,29573D,929164,ok,3535,0.0076,0.0074,1,1,0.0093,False,
299441__280257,299441,280257,ok,848,0.0153,0.039,1,2,0.0304,False,
29969X__265497,29969X,265497,ok,2536,0.03,0.0931,3,8,0.0925,True,['loc_stale_run>5']
30913C__755998,30913C,755998,ok,2846,0.0531,0.1076,5,4,0.1055,False,
311259__997368,311259,997368,ok,621,0.0435,0.1597,3,3,0.1341,False,
31337Q__2557WW,31337Q,2557WW,ok,1217,0.0008,0.0058,1,1,0.0059,False,
31415E__314060,31415E,314060,ok,1037,0.0058,0.0309,1,2,0.0387,False,
32601M__257189,32601M,257189,ok,1511,0.0358,0.0775,4,3,0.067,False,
362819__315035,362819,315035,ok,3663,0.0126,0.1322,2,5,0.1257,False,
500326__256938,500326,256938,ok,3541,0.0472,0.0172,2,2,0.0431,False,
501286__912361,501286,912361,ok,2502,0.0084,0.022,1,2,0.0314,False,
50789U__14408W,50789U,14408W,ok,546,0.0936,0.2037,3,5,0.1755,False,
510003__932107,510003,932107,ok,1959,0.0092,0.0092,1,1,0.0135,False,
510095__921754,510095,921754,ok,3363,0.022,0.0443,2,3,0.0628,False,
510311__912023,510311,912023,ok,2439,0.0066,0.0123,1,1,0.0107,False,
510421__916570,510421,916570,ok,3541,0.0172,0.0169,2,2,0.0217,False,
511280__929864,511280,929864,ok,3538,0.0161,0.0235,2,2,0.0297,False,
511520__916811,511520,916811,ok,1127,0.0107,0.0488,3,2,0.1449,False,
512142__929143,512142,929143,ok,2890,0.0069,0.0183,2,2,0.0203,False,
514782__929594,514782,929594,ok,3213,0.0181,0.0442,1,9,0.057,True,['loc_stale_run>5']
514853__997697,514853,997697,ok,3562,0.0444,0.0483,2,2,0.0727,False,
514939__929610,514939,929610,ok,3569,0.1068,0.0586,4,2,0.1126,False,
516146__930446,516146,930446,ok,3001,0.0067,0.0123,1,2,0.0114,False,
516495__932074,516495,932074,ok,3432,0.0073,0.0125,2,1,0.0136,False,
516496__916822,516496,916822,ok,3541,0.013,0.0116,2,1,0.0173,False,
51655V__32146V,51655V,32146V,ok,1695,0.0094,0.0089,1,1,0.0158,False,
516889__916561,516889,916561,ok,3422,0.0149,0.0149,3,2,0.0115,False,
516895__916116,516895,916116,ok,3541,0.0056,0.0147,1,1,0.0159,False,
517131__912003,517131,912003,ok,3210,0.005,0.0237,1,2,0.0206,False,
51825U__41249H,51825U,41249H,ok,821,0.0146,0.0171,2,1,0.0163,False,
53401R__14790N,53401R,14790N,ok,1567,0.0109,0.0166,2,2,0.0218,False,
53401V__932034,53401V,932034,ok,2197,0.0046,0.026,1,2,0.0222,False,
53562J__314054,53562J,314054,ok,3650,0.0066,0.0055,2,1,0.0071,False,
54045T__890954,54045T,890954,ok,3324,0.0193,0.0135,2,1,0.0432,False,
54181K__916020,54181K,916020,ok,3541,0.0141,0.0141,1,2,0.032,False,
54182H__312485,54182H,312485,ok,1058,0.0095,0.0426,1,2,0.0426,False,
54183F__362404,54183F,362404,ok,1272,0.022,0.0126,2,1,0.0245,False,
54183J__922373,54183J,922373,ok,547,0.0055,0.0201,1,1,0.0152,False,
54183M__932051,54183M,932051,ok,514,0.0175,0.0175,1,1,0.0248,False,
54184D__31722D,54184D,31722D,ok,1699,0.0112,0.0088,3,1,0.0134,False,
54185K__140271,54185K,140271,ok,3530,0.0051,0.0077,2,2,0.0095,False,
54185K__8743F9,54185K,8743F9,ok,2904,0.0052,0.1574,1,9,0.1584,True,['loc_stale_run>5']
54186Q__317701,54186Q,317701,ok,3541,0.0178,0.0164,2,2,0.0176,False,
54187L__946076,54187L,946076,ok,3468,0.013,0.0127,2,2,0.0186,False,
54187M__905324,54187M,905324,ok,1326,0.0679,0.0355,4,2,0.0521,False,
54187P__41313D,54187P,41313D,ok,533,0.0188,0.0113,1,1,0.0157,False,
54187R__937334,54187R,937334,ok,2007,0.0075,0.0095,1,1,0.0124,False,
54188K__141076,54188K,141076,ok,1212,0.0099,0.0289,2,5,0.0018,False,
54188Q__930854,54188Q,930854,ok,2843,0.0215,0.0088,1,2,0.0105,False,
54188U__362347,54188U,362347,ok,1585,0.0189,0.1244,2,5,0.1154,False,
54189H__140292,54189H,140292,ok,3540,0.0071,0.0054,1,1,0.0221,False,
54189M__930777,54189M,930777,ok,3541,0.011,0.0116,1,2,0.0169,False,
54189X__930759,54189X,930759,ok,3152,0.0102,0.0435,1,3,0.0437,False,
54190K__315775,54190K,315775,ok,2929,0.013,0.0427,2,2,0.0562,False,
54199R__29042F,54199R,29042F,ok,1499,0.0047,0.0267,1,1,0.0211,False,
54199T__315805,54199T,315805,ok,742,0.0135,0.0243,1,2,0.0281,False,
54233V__28557J,54233V,28557J,ok,2411,0.017,0.0091,1,2,0.0234,False,
54235U__906764,54235U,906764,ok,1095,0.0037,0.0055,2,1,0.007,False,
54238E__904001,54238E,904001,ok,1072,0.0261,0.0075,2,1,0.0217,False,
54238F__932322,54238F,932322,ok,2274,0.0123,0.0273,2,2,0.0331,False,
54279V__27962U,54279V,27962U,ok,922,0.0109,0.0217,1,1,0.0299,False,
54310V__87956M,54310V,87956M,ok,605,0.0182,0.053,1,2,0.0464,False,
54310V__981800,54310V,981800,ok,1156,0.0182,0.0286,2,2,0.047,False,
54314R__944418,54314R,944418,ok,669,0.0195,0.0659,1,3,0.0495,False,
54319F__771681,54319F,771681,ok,2290,0.0087,0.0454,2,3,0.0515,False,
54326F__30224F,54326F,30224F,ok,748,0.0107,0.1098,1,7,0.0923,True,['loc_stale_run>5']
54338Q__675705,54338Q,675705,ok,2144,0.0051,0.0093,1,2,0.0121,False,
54338V__29168W,54338V,29168W,ok,1164,0.0189,0.0628,1,3,0.0748,False,
54339E__898285,54339E,898285,ok,923,0.0098,0.0748,1,2,0.0648,False,
54339N__297127,54339N,297127,ok,2936,0.0187,0.1118,2,5,0.1041,False,
54350L__904660,54350L,904660,ok,1687,0.0154,0.0178,2,1,0.0255,False,
54362F__916504,54362F,916504,ok,1679,0.0072,0.0262,1,2,0.027,False,
54366J__930819,54366J,930819,ok,1593,0.0069,0.0245,1,2,0.0394,False,
54390R__26568P,54390R,26568P,ok,2618,0.0172,0.0149,2,2,0.0263,False,
54394H__932153,54394H,932153,ok,1441,0.0083,0.0243,1,2,0.0229,False,
54444M__932127,54444M,932127,ok,3532,0.0099,0.0136,2,2,0.0154,False,
54463R__916515,54463R,916515,ok,1097,0.0246,0.0255,2,2,0.0379,False,
54468C__906299,54468C,906299,ok,1062,0.0198,0.0179,1,1,0.0306,False,
54612K__315872,54612K,315872,ok,610,0.0099,0.0246,1,1,0.0208,False,
54633R__871051,54633R,871051,ok,3028,0.0036,0.0056,1,2,0.0043,False,
54638C__932152,54638C,932152,ok,709,0.0113,0.0198,1,1,0.0228,False,
54692V__503060,54692V,503060,ok,611,0.0049,0.023,2,2,0.0331,False,
547520__936485,547520,936485,ok,2674,0.0112,0.0172,1,2,0.0144,False,
54761N__502586,54761N,502586,ok,2461,0.0126,0.0537,2,4,0.0486,False,
54781N__502592,54781N,502592,ok,533,0.0207,0.0526,1,2,0.0193,False,
670845__362033,670845,362033,ok,3590,0.0086,0.0404,1,6,0.0345,True,['loc_stale_run>5']
67219N__51065C,67219N,51065C,ok,526,0.0267,0.0781,2,2,0.0661,False,
67475X__50378R,67475X,50378R,ok,616,0.0195,0.265,2,133,0.1738,True,['loc_stale_run>5']
674991__147506,674991,147506,ok,1867,0.1367,0.0402,7,2,0.1013,True,['adr_stale_run>5']
677521__675585,677521,675585,ok,3479,0.0063,0.0348,1,2,0.03,False,
68923D__68039H,68923D,68039H,ok,3547,0.0107,0.0302,1,1,0.0306,False,
69082P__15253D,69082P,15253D,ok,699,0.0129,0.0143,1,1,0.0206,False,
69136D__30815F,69136D,30815F,ok,1079,0.0056,0.0083,2,1,0.0162,False,
69239X__53677N,69239X,53677N,ok,1281,0.0352,0.0805,3,3,0.0907,False,
69311L__912087,69311L,912087,ok,3541,0.0153,0.0195,1,3,0.0271,False,
69368T__68341V,69368T,68341V,ok,3586,0.0059,0.0312,2,3,0.0347,False,
69438E__133241,69438E,133241,ok,888,0.0304,0.0665,2,2,0.0861,False,
696046__147535,696046,147535,ok,3586,0.0134,0.0011,2,1,0.0056,False,
69765D__69009K,69765D,69009K,ok,620,0.0048,0.0178,1,1,0.0177,False,
69842X__912887,69842X,912887,ok,719,0.0097,0.071,2,2,0.0652,False,
699504__675905,699504,675905,ok,3569,0.0255,0.0717,2,3,0.0778,False,
7018KV__68923Q,7018KV,68923Q,ok,1297,0.0147,0.0077,2,1,0.0153,False,
7086Q0__503359,7086Q0,503359,ok,1163,0.0112,0.0275,1,1,0.0279,False,
72418E__951404,72418E,951404,ok,1119,0.0376,0.1118,1,6,0.1,True,['loc_stale_run>5']
73097V__912082,73097V,912082,ok,982,0.0163,0.0133,2,1,0.0191,False,
74116U__30185X,74116U,30185X,ok,2080,0.013,0.0404,1,2,0.0417,False,
74690H__691121,74690H,691121,ok,515,0.0506,0.1965,2,5,0.2081,False,
75457N__280063,75457N,280063,ok,915,0.0153,0.0339,1,2,0.0289,False,
755020__929593,755020,929593,ok,3591,0.0407,0.0429,2,3,0.0602,False,
759739__922362,759739,922362,ok,3541,0.0192,0.0119,3,1,0.0302,False,
75986N__75858Q,75986N,75858Q,ok,3669,0.033,0.0453,3,2,0.0591,False,
7720N6__7580XN,7720N6,7580XN,ok,1050,0.0086,0.1106,1,5,0.062,False,
7731LX__314060,7731LX,314060,ok,1466,0.0137,0.0198,1,2,0.0235,False,
77532N__51286J,77532N,51286J,ok,644,0.0513,0.3468,2,9,0.2895,True,['loc_stale_run>5']
777026__93118V,777026,93118V,ok,1711,0.0211,0.045,2,2,0.0516,False,
86539L__930842,86539L,930842,ok,1619,0.0155,0.0371,1,4,0.0373,False,
86615F__410120,86615F,410120,ok,1440,0.0139,0.0069,2,1,0.0218,False,
86662M__982750,86662M,982750,ok,890,0.0191,0.0169,2,1,0.0401,False,
86729P__50700L,86729P,50700L,ok,818,0.0245,0.1004,1,4,0.1193,False,
86734L__32361L,86734L,32361L,ok,1109,0.0072,0.0244,1,1,0.0242,False,
8674W2__8745RP,8674W2,8745RP,ok,1078,0.0474,0.0251,2,2,0.0527,False,
86965N__932147,86965N,932147,ok,1433,0.0063,0.0105,2,1,0.0175,False,
86981X__725535,86981X,725535,ok,3217,0.0149,0.0081,2,1,0.0148,False,
8705KG__29386L,8705KG,29386L,ok,1457,0.0591,0.1202,3,7,0.026,True,['loc_stale_run>5']
8711AE__30877L,8711AE,30877L,ok,889,0.0315,0.009,2,2,0.0174,False,
87137P__317614,87137P,317614,ok,1060,0.0453,0.0359,2,2,0.0688,False,
87241F__540515,87241F,540515,ok,2385,0.0155,0.0092,2,2,0.0199,False,
87275J__77933E,87275J,77933E,ok,1420,0.0078,0.0204,1,1,0.0271,False,
873621__930111,873621,930111,ok,1418,0.0395,0.0374,5,3,0.0427,False,
87417L__86521D,87417L,86521D,ok,2231,0.017,0.0439,2,2,0.0475,False,
8743CF__91291J,8743CF,91291J,ok,863,0.0197,0.065,2,2,0.0692,False,
87487H__77380U,87487H,77380U,ok,1116,0.0143,0.0422,1,2,0.0411,False,
8748D0__887921,8748D0,887921,ok,1414,0.0071,0.0163,1,2,0.0172,False,
8751Q5__951907,8751Q5,951907,ok,1756,0.0057,0.0057,1,1,0.0072,False,
87527P__691252,87527P,691252,ok,1661,0.0163,0.0807,1,4,0.0949,False,
87734F__932076,87734F,932076,ok,2699,0.0056,0.0185,1,2,0.0232,False,
8785V9__50631X,8785V9,50631X,ok,1832,0.0005,0.0098,1,1,0.0101,False,
88146X__75975N,88146X,75975N,ok,1098,0.0128,0.0356,2,2,0.0404,False,
891264__771566,891264,771566,ok,2256,0.0266,0.0248,4,2,0.0476,False,
8933RL__8917F2,8933RL,8917F2,ok,949,0.0158,0.0422,3,3,0.052,False,
89661R__41345R,89661R,41345R,ok,2934,0.0068,0.0194,2,2,0.0183,False,
905168__922020,905168,922020,ok,3540,0.0025,0.0119,1,2,0.0084,False,
90534M__88801L,90534M,88801L,ok,2937,0.0119,0.03,2,2,0.038,False,
9062GG__916571,9062GG,916571,ok,700,0.0043,0.0157,1,1,0.018,False,
906640__906433,906640,906433,ok,3541,0.0082,0.0048,1,1,0.0114,False,
9103NM__9091D9,9103NM,9091D9,ok,1736,0.0184,0.0063,2,1,0.0168,False,
91091C__140619,91091C,140619,ok,2728,0.0275,0.0099,2,1,0.0267,False,
9112YH__362017,9112YH,362017,ok,1170,0.0111,0.0145,1,2,0.0189,False,
9174AW__530957,9174AW,530957,ok,686,0.0307,0.0204,1,2,0.0319,False,
921505__916933,921505,916933,ok,3530,0.0153,0.0125,2,2,0.0242,False,
9226MT__9212QG,9226MT,9212QG,ok,526,0.0419,0.0533,3,2,0.0538,False,
9289GW__2559M8,9289GW,2559M8,ok,1212,0.0033,0.0033,1,1,0.0063,False,
9291FF__140134,9291FF,140134,ok,1249,0.0272,0.0248,2,1,0.0308,False,
9291FG__9828KA,9291FG,9828KA,ok,733,0.0164,0.0505,1,2,0.0533,False,
93053R__87406E,93053R,87406E,ok,2694,0.0197,0.01,1,2,0.019,False,
9320A0__70177J,9320A0,70177J,ok,955,0.0231,0.021,3,1,0.0247,False,
9326MM__9313M7,9326MM,9313M7,ok,1775,0.013,0.0192,2,1,0.0236,False,
932939__691938,932939,691938,ok,2648,0.0064,0.0718,1,3,0.0479,False,
9329UM__2651HU,9329UM,2651HU,ok,986,0.0193,0.0081,2,1,0.0141,False,
9331D3__9301C6,9331D3,9301C6,ok,1210,0.0174,0.0124,1,1,0.0298,False,
93324N__2557WX,93324N,2557WX,ok,1223,0.0123,0.0524,1,2,0.0288,False,
9344KQ__9330CR,9344KQ,9330CR,ok,1542,0.011,0.0065,2,1,0.0095,False,
93642Z__280340,93642Z,280340,ok,2701,0.0215,0.0167,2,2,0.0283,False,
938816__929155,938816,929155,ok,3231,0.0313,0.0808,2,2,0.0809,False,
9451WD__50876V,9451WD,50876V,ok,800,0.0488,0.0914,2,3,0.0834,False,
94542N__932145,94542N,932145,ok,2459,0.0118,0.0138,1,1,0.0188,False,
951089__922894,951089,922894,ok,3539,0.0042,0.026,1,2,0.0231,False,
951173__906169,951173,906169,ok,3696,0.0049,0.0106,1,1,0.0099,False,
951465__912507,951465,912507,ok,3541,0.0113,0.0113,1,1,0.0194,False,
951742__905323,951742,905323,ok,3541,0.0073,0.0076,1,1,0.0086,False,
9518JQ__9374RF,9518JQ,9374RF,ok,2700,0.0133,0.0608,1,3,0.0751,False,
95296E__93369K,95296E,93369K,ok,1048,0.0048,0.0277,1,2,0.0246,False,
9602NL__29375R,9602NL,29375R,ok,1359,0.0177,0.0088,2,1,0.0188,False,
9816EQ__2593G1,9816EQ,2593G1,ok,1123,0.0018,0.0125,1,2,0.0091,False,
9818LN__2665TP,9818LN,2665TP,ok,947,0.0116,0.019,1,1,0.0201,False,
98208H__2584JD,98208H,2584JD,ok,1149,0.0061,0.0166,1,1,0.0229,False,
98215A__912177,98215A,912177,ok,587,0.0085,0.0068,1,1,0.0055,False,
98215C__539910,98215C,539910,ok,1281,0.0039,0.0039,1,1,0.0045,False,
992602__929688,992602,929688,ok,973,0.0113,0.0257,1,5,0.0278,False,
997641__912004,997641,912004,ok,3541,0.0045,0.011,1,1,0.0092,False,
997662__930971,997662,930971,ok,2101,0.0133,0.009,2,1,0.0147,False,
