date,daily_return,equity
2021-01-05,0.0012333449518362283,1.0012333449518362
2021-01-06,0.0025082859138103146,1.0037447244474162
2021-01-07,0.001692855483993763,1.0054439192087268
2021-01-08,-0.001178542062448832,1.004258961258506
2021-01-11,0.001121890785304214,1.005385630133201
2021-01-12,-0.005450493497719465,0.9999057822934594
2021-01-13,-0.0021619090583395043,0.9977440769252331
2021-01-14,0.001535011760961998,0.9992756258177437
2021-01-15,-0.000533878991448416,0.9987421335544531
2021-01-19,0.0023431091127798834,1.0010822953489018
2021-01-20,0.0008198179597367128,1.0019030005938032
2021-01-21,-0.0017430289781226425,1.0001566546305003
2021-01-22,0.0019445494161906003,1.0021015086693612
2021-01-25,0.0009230070116984727,1.0030264553882968
2021-01-26,0.001003817320112225,1.0040333107167463
2021-01-27,0.0017005338970317804,1.0057407033953691
2021-01-28,0.0019825934758792166,1.007734678352347
2021-01-29,-0.0017028903101763923,1.0060186167333522
2021-02-01,0.014224851372750567,1.0203290820346043
2021-02-02,0.004938604920331787,1.0253680842594979
2021-02-03,-0.001846708654379689,1.0234745281443711
2021-02-04,0.001937551200914317,1.0254575624454825
2021-02-05,0.004771472328693915,1.0303505048289412
2021-02-08,0.001563770932059403,1.0319617369982255
2021-02-09,0.0001050894895026017,1.0320701853303527
2021-02-10,0.003129776211497095,1.0353003340449949
2021-02-11,2.7021581623286047e-05,1.035328309497476
2021-02-12,0.005009911724063529,1.0405152129334823
2021-02-16,-0.004534034640556311,1.035797480914016
2021-02-17,0.0033745375587993813,1.0392928184166703
2021-02-18,0.0004984959505989355,1.0398109016781376
2021-02-19,0.005058947698757098,1.0450712506463247
2021-02-22,0.0,1.0450712506463247
2021-02-23,0.0002002995106217517,1.045280577906394
2021-02-24,0.0023978135675512976,1.047786965857996
2021-02-25,-0.0021612433226432448,1.0455224432744827
2021-02-26,0.007316633039027803,1.0531721473259898
2021-03-01,0.0027341195010826954,1.0560516458319908
2021-03-02,-0.005537270139506702,1.0502040025877486
2021-03-03,-0.0032067186575660558,1.0468362938184
2021-03-04,-0.001385588521626856,1.0453858094656627
2021-03-05,0.005708642405802754,1.051353543228003
2021-03-08,0.0031795544587262027,1.0546963790740713
2021-03-09,0.0010415652046063685,1.055794914123939
2021-03-10,-0.0011350551533562381,1.0545965286657755
2021-03-11,0.002847323611911915,1.057599306262886
2021-03-12,0.001776325321599509,1.0594779466907067
2021-03-15,0.0032795691689292915,1.062952577899834
2021-03-16,0.0004634412746793405,1.0634451939974596
2021-03-17,0.0032463113719851167,1.0668974682242165
2021-03-18,0.003313667406629163,1.0704328115908863
2021-03-19,0.0,1.0704328115908863
2021-03-22,-0.0013877817644169339,1.068947284454927
2021-03-23,0.007494092131965875,1.0769580738888471
2021-03-24,-0.002061342646940167,1.0747380942821736
2021-03-25,0.0,1.0747380942821736
2021-03-26,0.002109559053511993,1.0770053177591208
2021-03-29,0.00018339183127557532,1.077202831736638
2021-03-30,0.0010629466220451289,1.07834784084789
2021-03-31,-0.004586544327063147,1.0734019506758483
2021-04-01,0.002512352601950567,1.0760987148595675
2021-04-05,-0.003784941523399243,1.072025744150419
2021-04-06,0.0031528460035558812,1.0754056762335729
2021-04-07,0.0039040639524145922,1.0796041287683784
2021-04-08,-0.0008073193774461432,1.0787325434352528
2021-04-09,0.000120644241552368,1.0788626863047934
2021-04-12,0.0073060332067039074,1.08674489291641
2021-04-13,0.001969593944678494,1.0888853390769084
2021-04-14,0.0008906391550249509,1.089855142995223
2021-04-15,-0.0074823753743919336,1.0817004377116213
2021-04-16,0.00046151575707610094,1.0821996595080614
2021-04-19,0.0016997659226934431,1.0840391456108436
2021-04-20,0.0,1.0840391456108436
2021-04-21,0.0,1.0840391456108436
2021-04-22,0.0009599190689209511,1.085079735458172
2021-04-23,-9.854457865596663e-05,1.0849728067328333
2021-04-26,0.0008525519784437913,1.0858978024457708
2021-04-27,0.01390720503937896,1.100999605836195
2021-04-28,0.005037703529874989,1.106546115436907
2021-04-29,0.0010053671192251329,1.1076586005172735
2021-04-30,0.00962571506549424,1.1183206065956968
2021-05-03,-0.002656931398718053,1.1153493054621992
2021-05-04,0.001744600865198187,1.1172951448255068
2021-05-05,0.004383925158480677,1.1221932831203558
2021-05-06,-0.0004765900288123667,1.1216584569912205
2021-05-07,0.003614211254858962,1.1257123676105858
2021-05-10,0.0023436979304638484,1.1283506973568522
2021-05-11,-0.003605758861999513,1.1242821368304143
2021-05-12,0.0015841769104213137,1.1260631986323801
2021-05-13,0.0011450094575655406,1.1273525516446308
2021-05-14,-0.011636218606073806,1.1142344309075787
2021-05-17,0.0003136083408790284,1.114583864118806
2021-05-18,-0.0006893351609069364,1.1138155422714893
2021-05-19,0.0004393729597344612,1.1143049227028954
2021-05-20,0.002694224874930714,1.1173071107438992
2021-05-21,8.900166087877331e-05,1.117406552932467
2021-05-24,0.00012862542837522136,1.1175502798290073
2021-05-25,-0.0009875427397265687,1.1164466511638829
2021-05-26,0.0003911483863239857,1.1168833474699025
2021-05-27,7.424055823163357e-05,1.1169662655130983
2021-05-28,0.000852683337750447,1.1179186840365307
2021-06-01,0.0005309201141863517,1.1185122095519104
2021-06-02,0.0,1.1185122095519104
2021-06-03,0.0,1.1185122095519104
2021-06-04,0.001417271268353403,1.1200974447698109
2021-06-07,-0.001036536511024505,1.1189364228724017
2021-06-08,0.004946268635148379,1.1244709830055806
2021-06-09,0.0010633081297719874,1.125666642143503
2021-06-10,0.0,1.125666642143503
2021-06-11,0.0,1.125666642143503
2021-06-14,-0.00011068487974184842,1.125542047866588
2021-06-15,0.0009122800834455638,1.1265688574599373
2021-06-16,-0.0008692800671763465,1.1255895536078457
2021-06-17,0.0005028650888922181,1.126155573298777
2021-06-18,0.0006793144281533617,1.126920587028064
2021-06-21,0.0024207749920513912,1.1296486082031694
2021-06-22,-0.006601760293929529,1.122190938875441
2021-06-23,0.013118893748852663,1.1369128425684731
2021-06-24,0.004588890301563395,1.1421300108854584
2021-06-25,-0.02144515659840298,1.117636853946284
2021-06-28,0.020447566830485736,1.1404898082095645
2021-06-29,0.001249580964507281,1.1419149425641177
2021-06-30,-0.0030582784914884526,1.1384226486561646
2021-07-01,-0.001029341916040452,1.137250822505733
2021-07-02,0.0006992392629037994,1.1380460329325985
2021-07-06,-0.0009128548820395037,1.1370071620554503
2021-07-07,0.003153813189416417,1.1405930702396017
2021-07-08,0.015285737322046031,1.1580278763026302
2021-07-09,-0.0008277719380673321,1.157069293323127
2021-07-12,-0.004268004943723401,1.1521309158589934
2021-07-13,0.0008607710243772512,1.1531226367676541
2021-07-14,-0.0008546360170177642,1.152137136630234
2021-07-15,-0.00574938116746757,1.145513061074552
2021-07-16,0.006113556523737376,1.1525162199221108
2021-07-19,0.00851519075432325,1.1623301153821992
2021-07-20,-0.00030282444764455666,1.161978133407028
2021-07-21,0.0005944869931954779,1.162668914293716
2021-07-22,0.0,1.162668914293716
2021-07-23,0.0,1.162668914293716
2021-07-26,0.00028500127495736905,1.1630002764166432
2021-07-27,-0.0003706234228903052,1.1625692412733752
2021-07-28,-0.0033814167186739666,1.1586381102043173
2021-07-29,0.002157335723493746,1.1611376815900623
2021-07-30,0.009036248520376357,1.1716300102472836
2021-08-02,-0.002287561869488748,1.1689498341106932
2021-08-03,0.0002967252157744755,1.1692966910024492
2021-08-04,0.0016834068420191876,1.171265093052433
2021-08-05,-0.0030621710629982674,1.167678478977388
2021-08-06,-0.0004836528297607067,1.1671137279767798
2021-08-09,0.00010424976005832934,1.1672353993028821
2021-08-10,0.002349689847765725,1.1699780404705769
2021-08-11,-0.0010883206256059633,1.1687047292376267
2021-08-12,0.002637051618407149,1.1717866639353027
2021-08-13,0.007212746140890824,1.1802384636735495
2021-08-16,0.0014973109808837182,1.1820056476852692
2021-08-17,-0.0002807754641219208,1.1816737695009456
2021-08-18,-0.0009247734990880909,1.1805809889143437
2021-08-19,0.0034292612186840633,1.1846295095151433
2021-08-20,0.009024768375642232,1.195320516449468
2021-08-23,-0.022465930684941397,1.168466528580626
2021-08-24,0.0068921207464621,1.176519740983803
2021-08-25,0.0027194773901184723,1.1797192598184365
2021-08-26,0.0030170196164938834,1.1832784959672642
2021-08-27,-0.0005283234959985652,1.182653342135535
2021-08-30,0.0021813435858688114,1.1852331154177087
2021-08-31,0.002236151892011337,1.1878834766912245
2021-09-01,0.0005551121441508451,1.188542885234972
2021-09-02,0.0008629398897361913,1.1895685263013034
2021-09-03,0.005877974349891365,1.1965607795863404
2021-09-07,-0.007167535230842827,1.1879843880428107
2021-09-08,0.006019612437621851,1.195135593640774
2021-09-09,-0.0006897571395789164,1.1943112403322953
2021-09-10,-2.2558019591031312e-05,1.1942842990359381
2021-09-13,0.006372621121191943,1.2018950203846823
2021-09-14,-0.0041791364916555765,1.1968721370458535
2021-09-15,-0.001825572516845592,1.1946871601662843
2021-09-16,0.0016095103230964309,1.1966100214834428
2021-09-17,-0.0001693080214840782,1.1964074258082174
2021-09-20,0.017422531443966095,1.2172518718041554
2021-09-21,0.002747296524369966,1.2205960236408457
2021-09-22,0.0,1.2205960236408457
2021-09-23,0.0,1.2205960236408457
2021-09-24,0.00016490563760044528,1.2207973068063769
2021-09-27,0.008172369219061584,1.2307741131392347
2021-09-28,0.000439708092038188,1.231315294476253
2021-09-29,0.0006027490332943324,1.232057468579679
2021-09-30,-0.004943155831081573,1.2259672165196418
2021-10-01,0.0024347012852956548,1.2289520804774325
2021-10-04,0.0010947609503067126,1.2302974892249374
2021-10-05,-0.004601393835200409,1.2246364059425552
2021-10-06,0.00980329816046745,1.2366418817681732
2021-10-07,-0.0006038397388897807,1.2358951482571863
2021-10-08,-0.001674458873170613,1.2338256926598785
2021-10-11,0.0012735254714435042,1.2353970011068023
2021-10-12,0.005036529193484059,1.2416191141684192
2021-10-13,0.0,1.2416191141684192
2021-10-14,3.496480012568565e-05,1.2416625271325783
2021-10-15,-0.00036709525239098453,1.241206718713796
2021-10-18,-0.0003893797864834898,1.2407234179066815
2021-10-19,-0.0018982870321858354,1.2383681687319399
2021-10-20,0.004363429093855687,1.2437717004282896
2021-10-21,2.071287868529448e-05,1.2437974625206327
2021-10-22,-0.0013926900315076392,1.2420652381933657
2021-10-25,0.00010123171616193642,1.2421909745890132
2021-10-26,0.001712117085800368,1.244317750980434
2021-10-27,0.0,1.244317750980434
2021-10-28,-0.0006856169213853869,1.2434646256747817
2021-10-29,0.0021233276255257717,1.2461049084658409
2021-11-01,-0.0018318810677537649,1.2438221924755872
2021-11-02,0.0,1.2438221924755872
2021-11-03,0.0,1.2438221924755872
2021-11-04,0.0,1.2438221924755872
2021-11-05,0.0,1.2438221924755872
2021-11-08,-0.003036509778177535,1.240045314225821
2021-11-09,-0.004152660587419856,1.2348958269228207
2021-11-10,0.0034477394621769573,1.2391534259969803
2021-11-11,0.004556725113130468,1.2447999075322425
2021-11-12,-0.001064938041371585,1.2434742727568155
2021-11-15,0.00031533959957056343,1.2438663894360629
2021-11-16,0.002656010660022203,1.2471701118260483
2021-11-17,-0.0017517150225691703,1.2449854252054633
2021-11-18,0.0,1.2449854252054633
2021-11-19,0.0023808550116264527,1.2479495549944657
2021-11-22,-0.000677565107759866,1.247103987919757
2021-11-23,0.0,1.247103987919757
2021-11-24,-0.0017011868270830261,1.2449824310435051
2021-11-26,0.005211477601581971,1.2514706290972513
2021-11-29,0.0034573861585780485,1.2557974463281592
2021-11-30,0.0005059295783154088,1.2564327914006295
2021-12-01,0.001351879190968515,1.2581313367461746
2021-12-02,-0.001069841531772606,1.256785335589699
2021-12-03,0.012435319005884954,1.2724138621596752
2021-12-06,0.0018753263062281026,1.2748000533477926
2021-12-07,0.002956466676080053,1.2785689572241803
2021-12-08,0.0014348875122252736,1.2804035598544201
2021-12-09,-5.295868413493965e-05,1.2803357513667286
2021-12-10,0.00098663115947421,1.2815989705136157
2021-12-13,2.6603845044302436e-05,1.2816330659740363
2021-12-14,0.0020060805298484597,1.2842041251140968
2021-12-15,0.0037294164357206173,1.2889934570851176
2021-12-16,0.0,1.2889934570851176
2021-12-17,0.0,1.2889934570851176
2021-12-20,0.0,1.2889934570851176
2021-12-21,0.0003755656263236869,1.289477558720155
2021-12-22,0.0005781804205806571,1.2902231093973853
2021-12-23,-0.0005270313061769855,1.2895431214267798
2021-12-27,0.0,1.2895431214267798
2021-12-28,0.0006349026996754366,1.2903618558359216
2021-12-29,0.0047297751007288,1.2964649772125845
2021-12-30,0.0009192985539403563,1.2976568155913704
2021-12-31,0.001078428576750181,1.2990562457841188
2022-01-03,0.000957592129579038,1.3003002118209621
2022-01-04,0.0008509502404645834,1.3014067025988874
2022-01-05,-0.00022523167868745845,1.3011135845826058
2022-01-06,0.0010911666704025058,1.3025333163605104
2022-01-07,-0.00028947051568911896,1.3021562713697212
2022-01-10,-0.00011739024511579855,1.302003410925846
2022-01-11,-0.0018244146878013535,1.2996280167793854
2022-01-12,-0.0005697050604837929,1.2988876121214796
2022-01-13,7.561244699834727e-07,1.2988885942421868
2022-01-14,-0.00019536435686662128,1.2986348377073313
2022-01-18,-0.0011288997774298627,1.2971688091280809
2022-01-19,0.00024078244960711758,1.2974811446114967
2022-01-20,0.003432010974741567,1.3019341141393237
2022-01-21,0.001278168695218549,1.3035982055672537
2022-01-24,0.0,1.3035982055672537
2022-01-25,-0.0013240887524827486,1.3018721258455053
2022-01-26,0.006950990902061087,1.3109214271479044
2022-01-27,-0.0005500594635419164,1.3102003424109419
2022-01-28,0.0013919738754457611,1.312024107059178
2022-01-31,-0.0031510318534880336,1.3078898773052903
2022-02-01,0.0016266525114046304,1.3100173596588496
2022-02-02,-0.003379682883459568,1.3055899164113756
2022-02-03,0.0020328140178891897,1.3082439378950712
2022-02-04,0.007465186224351406,1.3180102225183365
2022-02-07,0.003170688084368109,1.3221892218259508
2022-02-08,-0.0006621976826378525,1.3213136711872489
2022-02-09,0.0012721386789212338,1.3229945654153534
2022-02-10,0.0026382546140327305,1.3264849619319006
2022-02-11,0.0037911289243273286,1.3315138374387658
2022-02-14,0.007043490375892228,1.3408923423381331
2022-02-15,-3.051838733511437e-05,1.340851420466255
2022-02-16,0.009331517752833935,1.3533635993002484
2022-02-17,-0.008341439207189178,1.3420745991114627
2022-02-18,0.001212519062889083,1.3437018901467046
2022-02-22,-0.0017675383389514486,1.3413268455397487
2022-02-23,-0.0029207072131235885,1.3374092225468246
2022-02-24,0.01143564576317567,1.3527033606562742
2022-02-25,-0.002253414130571803,1.3496551597888993
2022-02-28,0.0072491433512911554,1.3594390035170187
2022-03-01,0.0007757902949216529,1.3604936431024852
2022-03-02,0.0004122369219026,1.3610544888141858
2022-03-03,-0.0014660794492322425,1.35905907479885
2022-03-04,-0.0004212806920055391,1.3584865294513424
2022-03-07,0.0021596562871768563,1.361420393425717
2022-03-08,0.0005590359974379756,1.362181476433288
2022-03-09,0.0005595051132508036,1.3629436239345278
2022-03-10,-0.0009354285726748197,1.3616686875257544
2022-03-11,0.00045093483211597704,1.3622827113667615
2022-03-14,-0.008781156142569859,1.3503202941679264
2022-03-15,-0.020666182374443377,1.32241432870474
2022-03-16,0.007828159757517376,1.3327663993354708
2022-03-17,0.0052404001404797555,1.339750628561775
2022-03-18,-0.011427432376955256,1.324440718851902
2022-03-21,0.004609421752298216,1.3305456247110077
2022-03-22,0.013400140429281981,1.348375122929702
2022-03-23,0.00018764689933870003,1.3486281413406653
2022-03-24,0.0062321211569089496,1.3570329553131173
2022-03-25,0.011912523284204604,1.3731986419907176
2022-03-28,-0.008017474062603851,1.3621890574957543
2022-03-29,-0.0022001837668057782,1.3591919912441317
2022-03-30,0.01714141314912354,1.3824904627150272
2022-03-31,-0.004888648551497441,1.3757319527170164
2022-04-01,0.002082207655093754,1.3785965123203208
2022-04-04,0.004524742442760273,1.384834306471058
2022-04-05,0.000635854158503441,1.3857148591236659
2022-04-06,0.0,1.3857148591236659
2022-04-07,0.0003887139686066794,1.3862535058459131
2022-04-08,0.016815326278130985,1.4095638108509152
2022-04-11,0.0025352003383843536,1.4131373375011587
2022-04-12,0.001295343049313626,1.4149678351290165
2022-04-13,-0.007683195913997432,1.4040963600397154
2022-04-14,0.0006979913322642143,1.4050764071286868
2022-04-18,0.0,1.4050764071286868
2022-04-19,0.0,1.4050764071286868
2022-04-20,0.0,1.4050764071286868
2022-04-21,0.0,1.4050764071286868
2022-04-22,0.0,1.4050764071286868
2022-04-25,0.0,1.4050764071286868
2022-04-26,0.008716673924658826,1.4173240000088587
2022-04-27,0.0,1.4173240000088587
2022-04-28,0.0,1.4173240000088587
2022-04-29,0.0,1.4173240000088587
2022-05-02,0.0,1.4173240000088587
2022-05-03,0.0,1.4173240000088587
2022-05-04,0.0,1.4173240000088587
2022-05-05,0.0,1.4173240000088587
2022-05-06,0.0033089075094622005,1.4220137940358288
2022-05-09,0.000676344045128986,1.4229755645975162
2022-05-10,0.0002390391057126539,1.4233157114039283
2022-05-11,0.01287539593505543,1.441641464728839
2022-05-12,-9.166533023998022e-05,1.441509316187887
2022-05-13,0.006103716901633409,1.4503078809649648
2022-05-16,-0.00030568371016672974,1.4498645454710273
2022-05-17,0.002081072440631702,1.452881818619256
2022-05-18,0.006524663460495595,1.4623613835336196
2022-05-19,6.927301854966483e-05,1.4624626857208674
2022-05-20,-0.0006319177170910139,1.4615385296391759
2022-05-23,0.005718338582108932,1.4698961018024503
2022-05-24,-0.00048633622876790563,1.469181238075619
2022-05-25,0.0,1.469181238075619
2022-05-26,0.0,1.469181238075619
2022-05-27,-0.003402707604302297,1.4641820439047208
2022-05-31,0.0010748151972603856,1.4657557690170655
2022-06-01,-0.0015050870014698095,1.4635496790617886
2022-06-02,0.0021369728379796392,1.4666772449729775
2022-06-03,0.0,1.4666772449729775
2022-06-06,0.021463762608772224,1.4981576571827655
2022-06-07,-0.002343588806384412,1.494646591667193
2022-06-08,0.0,1.494646591667193
2022-06-09,0.0,1.494646591667193
2022-06-10,0.0,1.494646591667193
2022-06-13,0.005187460795920333,1.5024000122652226
2022-06-14,-0.0012364010952465477,1.5005424432445593
2022-06-15,-0.0011227493316141874,1.4988577102193479
2022-06-16,-0.001661248941264951,1.4963677344351392
2022-06-17,0.0,1.4963677344351392
2022-06-21,0.0,1.4963677344351392
2022-06-22,0.0,1.4963677344351392
2022-06-23,0.018708877480882204,1.5243630950450313
2022-06-24,0.006553437437532722,1.5343529132204925
2022-06-27,7.819455176023172e-05,1.534472891258784
2022-06-28,0.005138191746366877,1.5423573072036736
2022-06-29,0.013630489313130868,1.5633803919965428
2022-06-30,-0.0018391390930589176,1.5605051180003002
2022-07-01,6.821564493095828e-05,1.5606115688633426
2022-07-05,-0.0025485954290753966,1.5566342013523753
2022-07-06,-0.0011304181320734826,1.5548745538261608
2022-07-07,-0.002511985881353607,1.5509687308996736
2022-07-08,-0.0023501347712142186,1.5473237453561202
2022-07-11,0.006674099811303165,1.5576507384730263
2022-07-12,-9.405898088960936e-05,1.5575042274319835
2022-07-13,-0.0004015986250463448,1.556878735875743
2022-07-14,-0.0137872374726998,1.5354136790280275
2022-07-15,0.008120808493180903,1.5478824794732247
2022-07-18,-0.009134729716009555,1.53374299139109
2022-07-19,0.00473900422261547,1.5410114059036992
2022-07-20,0.009291297947246466,1.5553294020160555
2022-07-21,-0.002853423142791416,1.5508913891056788
2022-07-22,0.003739174574549053,1.5566904427557098
2022-07-25,-0.013048336181693872,1.5363782225278033
2022-07-26,0.013937877965916695,1.557792074702888
2022-07-27,0.010596663141285137,1.574299472562678
2022-07-28,0.0013926712511179733,1.5764919541787663
2022-07-29,-0.008020039359298478,1.5638484266566353
2022-08-01,-0.007222564440642868,1.5525534306197097
2022-08-02,0.015126870580396898,1.5760387054338452
2022-08-03,-0.007856007672505747,1.563657333271791
2022-08-04,-0.0003486057773144117,1.5631122332916723
2022-08-05,0.005891864844935725,1.5723218793076925
2022-08-08,-0.0028713670627209553,1.567807166051453
2022-08-09,-0.00017324404075178608,1.5675355528028865
2022-08-10,0.002856778671915644,1.5720136549376031
2022-08-11,-0.007677684690893992,1.5599442297652124
2022-08-12,0.0002683169227271307,1.560362789200569
2022-08-15,0.005907760057999584,1.5695810381625968
2022-08-16,0.014546500478946543,1.5924129494859742
2022-08-17,0.010537407694359797,1.609192853952486
2022-08-18,0.0,1.609192853952486
2022-08-19,0.004644495067660124,1.6166667422255823
2022-08-22,0.0008310548628172179,1.6180102809832637
2022-08-23,0.0,1.6180102809832637
2022-08-24,0.0,1.6180102809832637
2022-08-25,0.0,1.6180102809832637
2022-08-26,0.0,1.6180102809832637
2022-08-29,0.0,1.6180102809832637
2022-08-30,0.0,1.6180102809832637
2022-08-31,0.0,1.6180102809832637
2022-09-01,0.0,1.6180102809832637
2022-09-02,0.0,1.6180102809832637
2022-09-06,0.0018999076265886628,1.6210843510560027
2022-09-07,0.0011874561914572942,1.6230093177055387
2022-09-08,0.0006824888006946874,1.624117003388296
2022-09-09,-0.00010682364294100635,1.6239435092934316
2022-09-12,-0.00076746148621721,1.6226971951942564
2022-09-13,5.02525693410715e-05,1.6227787398975775
2022-09-14,0.0,1.6227787398975775
2022-09-15,0.0,1.6227787398975775
2022-09-16,0.0,1.6227787398975775
2022-09-19,0.0,1.6227787398975775
2022-09-20,0.0,1.6227787398975775
2022-09-21,0.0,1.6227787398975775
2022-09-22,0.0,1.6227787398975775
2022-09-23,0.0,1.6227787398975775
2022-09-26,0.0,1.6227787398975775
2022-09-27,0.0,1.6227787398975775
2022-09-28,0.0,1.6227787398975775
2022-09-29,-0.004031026776894095,1.616237275344076
2022-09-30,0.003524572202840714,1.6219338203179487
2022-10-03,0.0031906632858432218,1.6271088650105046
2022-10-04,0.00042755953194654263,1.6278045509152546
2022-10-05,-0.004934586716522675,1.619772008201213
2022-10-06,0.001266079675110908,1.6218227686191102
2022-10-07,0.0001625492716517291,1.6220863947288975
2022-10-10,0.001763863897705245,1.6249475343595188
2022-10-11,0.0,1.6249475343595188
2022-10-12,0.0,1.6249475343595188
2022-10-13,-0.000696107065043086,1.6238163969005268
2022-10-14,0.001862973644328509,1.626841524051181
2022-10-17,0.0001272478641010587,1.6270485361603475
2022-10-18,-0.00034625584538088683,1.6264851610939837
2022-10-19,0.0,1.6264851610939837
2022-10-20,0.0,1.6264851610939837
2022-10-21,0.0,1.6264851610939837
2022-10-24,0.0,1.6264851610939837
2022-10-25,0.0,1.6264851610939837
2022-10-26,0.0,1.6264851610939837
2022-10-27,0.0,1.6264851610939837
2022-10-28,0.0007468141250628216,1.6276998431864937
2022-10-31,0.0008336008124778683,1.6290566950982441
2022-11-01,0.000263230298955639,1.6294855121791105
2022-11-02,8.80759049368708e-05,1.6296290305901773
2022-11-03,0.0,1.6296290305901773
2022-11-04,0.0018664193539510714,1.6326706017526313
2022-11-07,0.007075971382472929,1.6442233322076376
2022-11-08,-0.004242061884263473,1.637248435080863
2022-11-09,0.007463954834790894,1.6494687834536383
2022-11-10,7.822498856130678e-05,1.6495978131303564
2022-11-11,-0.0008674361227663432,1.6481668923992108
2022-11-14,-0.009033756093992356,1.6332777546910828
2022-11-15,-0.0022304858699356963,1.629634751737564
2022-11-16,0.00334135048232966,1.6350799326013035
2022-11-17,0.00031769868289619006,1.6355993953423207
2022-11-18,-0.00031772977550235574,1.6350797167136268
2022-11-21,4.328545663580502e-05,1.6351504918858009
2022-11-22,0.0005167515813320186,1.6359954584881986
2022-11-23,0.000898984698209594,1.63746619337172
2022-11-25,0.0030278343006367304,1.6424241696781439
2022-11-28,0.00010095237918161703,1.6425899763056981
2022-11-29,0.00232518834461883,1.646409307373592
2022-11-30,0.0,1.646409307373592
2022-12-01,-0.0015129337810725041,1.6439183991149942
2022-12-02,0.0014350959033233124,1.646277579674962
2022-12-05,0.0,1.646277579674962
2022-12-06,0.0,1.646277579674962
2022-12-07,0.0,1.646277579674962
2022-12-08,-0.0006824075506549358,1.6451541474241178
2022-12-09,0.0,1.6451541474241178
2022-12-12,0.0,1.6451541474241178
2022-12-13,0.001089805822214381,1.6469470459924207
2022-12-14,0.0,1.6469470459924207
2022-12-15,0.0,1.6469470459924207
2022-12-16,0.0,1.6469470459924207
2022-12-19,0.0,1.6469470459924207
2022-12-20,0.0,1.6469470459924207
2022-12-21,0.0,1.6469470459924207
2022-12-22,0.0,1.6469470459924207
2022-12-23,0.0,1.6469470459924207
2022-12-27,0.0,1.6469470459924207
2022-12-28,0.0,1.6469470459924207
2022-12-29,0.0,1.6469470459924207
2022-12-30,-0.00046879127787527686,1.646174971582137
2023-01-03,0.0,1.646174971582137
2023-01-04,0.0025455425276786985,1.6503653799802998
2023-01-05,0.005358092406259714,1.6592081901903262
2023-01-06,-0.0015417183486656292,1.6566501584792535
2023-01-09,0.00039250193232958085,1.6573003968676507
2023-01-10,0.00243121069350941,1.6613296433148728
2023-01-11,0.006090218781170635,1.6714475043103045
2023-01-12,-0.002553790941348056,1.667178976814858
2023-01-13,-0.0016572865027129839,1.6644159835989758
2023-01-17,0.0029375374866117544,1.6693052679441138
2023-01-18,0.001079302717149579,1.671106953655558
2023-01-19,-0.0009985302579641926,1.6694383027980386
2023-01-20,0.0005047981830199465,1.670281032219955
2023-01-23,0.006258463921147562,1.6807344257982808
2023-01-24,0.002462861193134943,1.6848738413915454
2023-01-25,-0.004380742221612914,1.6774928434164704
2023-01-26,0.0002791178339345006,1.6779610615853655
2023-01-27,-0.002534005737944422,1.673709098627261
2023-01-30,0.005066407250436705,1.682188790539668
2023-01-31,0.0012648506740491664,1.68431650816526
2023-02-01,-0.004919813038631269,1.6760299858472065
2023-02-02,-0.007559901677579871,1.663359363945526
2023-02-03,0.008144492429389617,1.6769065816925346
2023-02-06,0.018759951461988493,1.7083652677713757
2023-02-07,-0.009554614271447512,1.692042496603082
2023-02-08,0.002034347580414503,1.6954846991620052
2023-02-09,4.8548635100954544e-05,1.695567012629984
2023-02-10,-0.0006834259739900104,1.694408218092912
2023-02-13,0.0007895758371760646,1.6957460818802308
2023-02-14,0.0008561216586282276,1.6971978468284625
2023-02-15,0.003023207741650513,1.702328828498107
2023-02-16,-0.001660974413313844,1.6995013038709252
2023-02-17,0.0027025603946161615,1.7040943087853655
2023-02-21,0.0005829219067014057,1.7050876626890419
2023-02-22,-0.0010763525748678563,1.7032523871929313
2023-02-23,0.0,1.7032523871929313
2023-02-24,0.0013592389743281798,1.7055675142207214
2023-02-27,-0.0007557345580324523,1.7042785579091673
2023-02-28,0.0002494608032283081,1.7047037086071481
2023-03-01,0.0010776729651700665,1.706540821707539
2023-03-02,-0.00010131434198431394,1.7063679246471184
2023-03-03,-0.000393587223990783,1.7056963200325497
2023-03-06,-0.00036595585120719154,1.705072110483851
2023-03-07,-2.5724717741574643e-05,1.70502824798508
2023-03-08,0.0012979430212178792,1.7072412775005317
2023-03-09,-0.0013550237313636427,1.7049279250543548
2023-03-10,0.00023499742532025756,1.705328578727099
2023-03-13,0.0004693702121582236,1.7061290091638959
2023-03-14,0.0014741907643347463,1.708644168791969
2023-03-15,0.001939382198950075,1.7119578828772641
2023-03-16,-0.0005024096724756371,1.7110977786780357
2023-03-17,0.0009872684958938797,1.7127870916083183
2023-03-20,-0.0026332352842500808,1.7082769202042871
2023-03-21,0.0032510033260553274,1.7138305341536948
2023-03-22,-0.0009836972719381941,1.7121446437326835
2023-03-23,0.0010606874844160525,1.713960694127801
2023-03-24,0.0003094791290271739,1.7144911291906064
2023-03-27,0.00043722094205208233,1.715240740617251
2023-03-28,-0.0009493461235676603,1.7136123834691606
2023-03-29,0.00044501525028073564,1.7143749671128745
2023-03-30,7.068560324234268e-05,1.7144961487416086
2023-03-31,0.003392950386460464,1.7203133491120663
2023-04-03,-0.0007583664036586249,1.7190087212643341
2023-04-04,-0.0013764473510596243,1.7166425962635015
2023-04-05,0.0006464512774664484,1.7177523220628093
2023-04-06,0.0005611545196649448,1.7187162465419996
2023-04-10,0.0015290505536809651,1.721344250570395
2023-04-11,0.0013782674030429875,1.7237167232403716
2023-04-12,0.0016287653032711256,1.7265242532318539
2023-04-13,0.00035790520573323605,1.7271421852499103
2023-04-14,-0.0011398695152909696,1.725173468524371
2023-04-17,0.0006955309081099444,1.726373379993581
2023-04-18,-0.00010365053792951663,1.7261944404640774
2023-04-19,0.0003909507935312569,1.7268692975503663
2023-04-20,0.000347692498450994,1.7274697170509297
2023-04-21,0.0,1.7274697170509297
2023-04-24,0.0,1.7274697170509297
2023-04-25,0.0,1.7274697170509297
2023-04-26,0.0,1.7274697170509297
2023-04-27,0.0003015275543346501,1.727990596769899
2023-04-28,-4.866126285030317e-05,1.7279065105652667
2023-05-01,0.006382166470018935,1.738934297560324
2023-05-02,0.005858571352675972,1.7491219682201966
2023-05-03,0.0,1.7491219682201966
2023-05-04,0.0,1.7491219682201966
2023-05-05,0.0,1.7491219682201966
2023-05-08,0.0,1.7491219682201966
2023-05-09,0.0,1.7491219682201966
2023-05-10,-0.0017443643623200479,1.7460708621934822
2023-05-11,0.00043598347799887375,1.7468321202408137
2023-05-12,0.0015826628756331017,1.749596766587482
2023-05-15,0.0023290018821804878,1.7536715807499212
2023-05-16,-0.0024213526659101797,1.7494253233927415
2023-05-17,0.001163047948677972,1.7514599889264786
2023-05-18,0.013631665205968636,1.775335305117174
2023-05-19,-0.004791235603046464,1.7668292553959513
2023-05-22,0.013420836736573538,1.7905415823740223
2023-05-23,-0.0034962391661185954,1.7842814207651623
2023-05-24,0.0005008986647707432,1.7851751649463987
2023-05-25,0.00035452667778805206,1.7858080571668968
2023-05-26,0.00018220064936464944,1.7861334325545533
2023-05-30,0.0054454701720274765,1.7958597688847902
2023-05-31,0.0003812595424852462,1.796544457558643
2023-06-01,0.0018482218855724476,1.7998648703435067
2023-06-02,0.00010864146857239178,1.800060410306253
2023-06-05,0.0016422060425311607,1.803016480388979
2023-06-06,0.0010435826642130638,1.8048980771312033
2023-06-07,0.000886992083039077,1.806499007436311
2023-06-08,0.0003726367762589526,1.807172175402757
2023-06-09,8.432463877691755e-05,1.8073245645436555
2023-06-12,0.014349481563687812,1.8332587350621747
2023-06-13,0.0003050360093687877,1.8338179449908587
2023-06-14,-0.00251595676059662,1.8292041383344557
2023-06-15,0.007357911373045147,1.842663260267528
2023-06-16,0.0005213586039341172,1.8436239486124217
2023-06-20,0.010021554107431009,1.8620999257671969
2023-06-21,-0.0011616754828206945,1.859936769936871
2023-06-22,-0.0024626225450636178,1.8553564477148317
2023-06-23,0.0014605353957379823,1.8580662614784298
2023-06-26,0.014425409034276976,1.884869627313046
2023-06-27,0.0005878777017335713,1.8859777001376183
2023-06-28,0.00026422804386759107,1.8864760283361037
2023-06-29,0.003563580409482987,1.8931986373536414
2023-06-30,0.003560536441576778,1.8999394400930825
2023-07-03,0.0031446188312288315,1.9059140254345934
2023-07-05,0.0007231218175937481,1.9072922334488434
2023-07-06,0.0,1.9072922334488434
2023-07-07,0.0,1.9072922334488434
2023-07-10,-0.004763179126525213,1.898207458894296
2023-07-11,0.00024322772297732047,1.8986691555722617
2023-07-12,-0.0018456214992438914,1.8951649309587861
2023-07-13,-0.0006965220317183565,1.8938449068306333
2023-07-14,0.0031143721445636595,1.8997430446545904
2023-07-17,0.0009132587875836228,1.9014780016842718
2023-07-18,0.0013053182861554546,1.9039600356905928
2023-07-19,0.004381795911465563,1.9123027999905757
2023-07-20,0.0019412028003344532,1.916014967541005
2023-07-21,0.002511129059309921,1.9208263284040699
2023-07-24,0.003661251490417041,1.9278589566617716
2023-07-25,0.0054386520627473295,1.9383439107531062
2023-07-26,0.001702272148964918,1.9416434996074972
2023-07-27,0.001076666593196604,1.9437340022994216
2023-07-28,0.004117582828515087,1.9517374880504907
2023-07-31,0.00312627843167557,1.9578391628636758
2023-08-01,0.0020207687690681478,1.9617955030988492
2023-08-02,0.012093744048919771,1.9855209557896483
2023-08-03,0.00937991998137783,2.004144983476304
2023-08-04,-0.0025412917651566037,1.9990518663336159
2023-08-07,0.002727492595497181,2.0045042654970557
2023-08-08,0.006182758057311057,2.016897630395472
2023-08-09,0.00035756875794006905,2.0176188099760646
2023-08-10,-0.006291496658785378,2.0049249679743975
2023-08-11,0.0003719601939296684,2.0056707202542996
2023-08-14,0.0019806766830701393,2.0096433054838236
2023-08-15,0.003531476822908073,2.0167403142394518
2023-08-16,0.010870210613825053,2.038662706208626
2023-08-17,-0.013150549574300358,2.0118531712253525
2023-08-18,0.004685718605655606,2.0212801490616106
2023-08-21,0.007036809153984957,2.0355035117172955
2023-08-22,-0.005540401046204316,2.0242260059314243
2023-08-23,0.00563218048765519,2.0356268121446353
2023-08-24,0.0047575220275014735,2.045311351543186
2023-08-25,0.004886118029449363,2.0553049842137985
2023-08-28,0.005898431011167923,2.067428058870093
2023-08-29,-0.000610630631182876,2.06616562396958
2023-08-30,0.003182860958994863,2.0727419418689297
2023-08-31,-0.00040389419906356074,2.071904773422453
2023-09-01,0.00019812273982127131,2.0723152648728127
2023-09-05,-0.004775265984404177,2.062419408279504
2023-09-06,-0.000721771523202612,2.0609308126817076
2023-09-07,0.008308568426620188,2.0780541973614035
2023-09-08,0.0033458284840923655,2.085007010286423
2023-09-11,-0.0005081398277875345,2.08394753518328
2023-09-12,0.0021564490080463205,2.0884414617783467
2023-09-13,0.003713641331571526,2.0961971843093745
2023-09-14,0.0011106518896328147,2.098525329673171
2023-09-15,0.0010531567820884007,2.1007354058565006
2023-09-18,0.0,2.1007354058565006
2023-09-19,0.0,2.1007354058565006
2023-09-20,0.0,2.1007354058565006
2023-09-21,0.0,2.1007354058565006
2023-09-22,0.0,2.1007354058565006
2023-09-25,0.0,2.1007354058565006
2023-09-26,0.0,2.1007354058565006
2023-09-27,0.0,2.1007354058565006
2023-09-28,0.001232172418195793,2.1033238740815245
2023-09-29,-0.001280681881720071,2.100630185304599
2023-10-02,0.0005736538073985275,2.1018352198083354
2023-10-03,6.48227301900843e-05,2.101971466505693
2023-10-04,0.0006171505408338674,2.1032686993330643
2023-10-05,0.0011462695554752176,2.1056796122100936
2023-10-06,-0.0002987912052496131,2.105050453660892
2023-10-09,0.000709702092350677,2.106544412372359
2023-10-10,-0.00145025560245027,2.1034893845365055
2023-10-11,0.0015137239525240724,2.1066734868017583
2023-10-12,0.0003249459324066107,2.1073580417822035
2023-10-13,-0.00026319577388867485,2.106803394051536
2023-10-16,0.001881889563156192,2.1107681653704238
2023-10-17,-0.0018803194448966775,2.106799246945409
2023-10-18,0.0018632296662342348,2.1107246978031178
2023-10-19,0.00045991196479362294,2.111695445346023
2023-10-20,-0.0005949025594317696,2.1104391923208463
2023-10-23,0.0,2.1104391923208463
2023-10-24,0.0007251724368246488,2.111969624652712
2023-10-25,-0.0024339413419097954,2.106829214470412
2023-10-26,0.008765899008581334,2.125297466592788
2023-10-27,-0.0011839317551605951,2.1227812594329265
2023-10-30,-0.005175511196433627,2.111794781257152
2023-10-31,0.0035724829611310156,2.1193391321305985
2023-11-01,-0.0022323198557860436,2.114608089304799
2023-11-02,-0.0005657115596091404,2.1134118310646364
2023-11-03,0.002599274863547098,2.1189051693134457
2023-11-06,-0.009759147201739019,2.09822646185959
2023-11-07,0.0011270472862776053,2.100591262299425
2023-11-08,-0.00037715784573493313,2.0997990078241666
2023-11-09,0.0009102069577619561,2.1017102594909898
2023-11-10,-0.002911021578883918,2.09559213557305
2023-11-13,0.01814656881383264,2.133619942466953
2023-11-14,-0.00676190602985786,2.1191926049125605
2023-11-15,0.00755419069952727,2.1352013899790983
2023-11-16,0.008645538786385843,2.1536613564129072
2023-11-17,-0.000635514465895589,2.1522926734662664
2023-11-20,0.014086031938140018,2.182609936804937
2023-11-21,-0.002417786125567709,2.177332852782204
2023-11-22,0.0037347211770098,2.1854645838968887
2023-11-24,-0.0007700391921659965,2.183781690514197
2023-11-27,0.0031221214703965176,2.19059972221681
2023-11-28,-0.0018864454901827807,2.1864672752500387
2023-11-29,0.001431172265580634,2.189596486573976
2023-11-30,0.0,2.189596486573976
2023-12-01,-0.0011450426308133009,2.1870893052525697
2023-12-04,0.0016979449486842584,2.1908028624907447
2023-12-05,-1.004920107876699e-05,2.1907808466722556
2023-12-06,0.001934485806065328,2.1950188811243425
2023-12-07,0.00027985709718373936,2.195633172736678
2023-12-08,-4.702017080558266e-05,2.1955299336898695
2023-12-11,0.00313699245847164,2.2024172945342033
2023-12-12,0.0032500522828570197,2.209575265890108
2023-12-13,0.0011706170957150638,2.2121618324706285
2023-12-14,-0.0007530440507590402,2.21049597716337
2023-12-15,4.3946505054511324e-05,2.2105931207360037
2023-12-18,0.00026577246190348557,2.2111806355119685
2023-12-19,0.000269485554736964,2.211776516752153
2023-12-20,0.0021998193052257843,2.216642025432549
2023-12-21,0.0,2.216642025432549
2023-12-22,0.0,2.216642025432549
2023-12-26,-0.00017647497349134621,2.216250843589871
2023-12-27,-0.0010811105534301367,2.2138548314138173
2023-12-28,0.002126672759714898,2.2185629761777483
2023-12-29,0.0,2.2185629761777483
2024-01-02,0.001352743560321247,2.22156412295694
2024-01-03,0.0005874883966624749,2.222869266101619
2024-01-04,0.0003794104076070933,2.223712645835928
2024-01-05,-0.0001497420067419947,2.223379662641923
2024-01-08,0.0001978913214525849,2.223819650181454
2024-01-09,0.0005366161181283266,2.2250129876495524
2024-01-10,0.003462038273750317,2.2327160677723863
2024-01-11,-0.0009373629295886391,2.2306232024981596
2024-01-12,-0.00019152116928351686,2.230195990934186
2024-01-16,0.006712094899732013,2.245165278070338
2024-01-17,0.001999045806991563,2.2496534663054675
2024-01-18,0.001480687479827708,2.252984500026977
2024-01-19,-0.003949126654137989,2.2440871788865606
2024-01-22,0.004061883119463539,2.2532023987170846
2024-01-23,0.003920225093078303,2.2620354593003196
2024-01-24,-0.0014571872869871127,2.2587392499863133
2024-01-25,-0.0012365576518863911,2.2559461886831267
2024-01-26,0.0,2.2559461886831267
2024-01-29,-0.0007768572688908236,2.2541936404882215
2024-01-30,0.0004224254232492834,2.2551458691908906
2024-01-31,0.003039271205263505,2.2619998690947916
2024-02-01,0.0023934580987243982,2.26741387100079
2024-02-02,0.004063781501008059,2.2766281455448922
2024-02-05,0.0004471006408359519,2.2776460274477106
2024-02-06,0.0006528316771592082,2.2791329469237844
2024-02-07,0.0017003522787886894,2.2830082758237484
2024-02-08,-0.001149626186915779,2.280383669724916
2024-02-09,0.002580729228507839,2.286268722513587
2024-02-12,0.0,2.286268722513587
2024-02-13,-0.003795640189908031,2.2775908690654845
2024-02-14,0.0012401051607112922,2.2804153212562017
2024-02-15,-0.011461685432390522,2.2542779181887593
2024-02-16,0.00834536441851127,2.273090688916647
2024-02-20,-0.0021785301524549616,2.2681386923115774
2024-02-21,0.003908176044297723,2.2770029776140146
2024-02-22,0.0006263353469431813,2.278429145063989
2024-02-23,0.002355688347377962,2.2837964140513423
2024-02-26,0.0004915742651227714,2.2849190695952695
2024-02-27,0.0018482949534251504,2.289142273980587
2024-02-28,0.005936665965575393,2.3027321470088875
2024-02-29,-0.0003545038916272789,2.3019158195013976
2024-03-01,0.0003777412949418825,2.3027853481639036
2024-03-04,-0.0020982538601107127,2.2979535199181123
2024-03-05,0.003767607851121875,2.306611307641269
2024-03-06,0.0022063317146896076,2.3117004573227797
2024-03-07,-0.0014813457972526409,2.3082760295658176
2024-03-08,0.00010588640331117738,2.3085204446124377
2024-03-11,0.004432084037772573,2.3187520012258758
2024-03-12,0.0012075799838626453,2.3215520797300977
2024-03-13,0.0009638743153514206,2.3237897641515004
2024-03-14,0.001424475775635153,2.3270999463782034
2024-03-15,0.006526152960543055,2.3422869565827393
2024-03-18,-0.0018200490472480412,2.3380238794390293
2024-03-19,0.0032305507184077994,2.3455769841624057
2024-03-20,-0.0015820952351493123,2.3418660579920867
2024-03-21,0.0009124340950798263,2.3440028564295092
2024-03-22,0.0010331869660877501,2.346424649629245
2024-03-25,0.0009655354735237544,2.3486902058644126
2024-03-26,0.002732433181670004,2.35510784491638
2024-03-27,-8.301436175702338e-06,2.3550882941389184
2024-03-28,-0.0008404426539076809,2.353108977482805
2024-04-01,-0.0009655255331562874,2.350836990682746
2024-04-02,0.004230087181864766,2.360781236103687
2024-04-03,0.006555489946092524,2.3762573137618883
2024-04-04,0.00017176860254978008,2.376665480159972
2024-04-05,0.0008750330462147278,2.37874514099491
2024-04-08,0.0019495543496176604,2.3833826339311686
2024-04-09,0.00017207656904677713,2.383792758237541
2024-04-10,0.0008682632481880825,2.385862517880815
2024-04-11,0.002263734009093609,2.3912634760035636
2024-04-12,-0.002002878496955699,2.3864740658069206
2024-04-15,-0.0033935551877457954,2.3783754343604806
2024-04-16,0.0015255837783773579,2.3820038453420325
2024-04-17,0.000991804255197835,2.38436632689174
2024-04-18,0.003844251150429153,2.3935324298869376
2024-04-19,0.0022153755491828575,2.3988350031082857
2024-04-22,-9.26973927671948e-05,2.398612637357819
2024-04-23,0.00022645778346307662,2.399155821859061
2024-04-24,0.0005809099123478005,2.400549515257246
2024-04-25,-0.0016354989909493905,2.3966234189473186
2024-04-26,0.00967744910356619,2.419816620104596
2024-04-29,-0.00014511263395825387,2.4194654741411568
2024-04-30,0.009383682015685407,2.442168968798427
2024-05-01,0.003098590599806809,2.449736250608286
2024-05-02,-7.565288513778781e-05,2.449550920993101
2024-05-03,0.001275821301173693,2.452676110236413
2024-05-06,0.0010916608704202601,2.455353600773773
2024-05-07,0.003403848889784647,2.463711253401796
2024-05-08,0.0002967792772909767,2.464442431847034
2024-05-09,-0.003473877867216417,2.4558812598280118
2024-05-10,0.0013862190499802159,2.4592856492148747
2024-05-13,-0.0014363494385146898,2.4557532556534776
2024-05-14,0.0035539188852612203,2.464480803526286
2024-05-15,-0.01052062237959322,2.4385529316306296
2024-05-16,0.003917098206171846,2.4481049829447747
2024-05-17,0.0010509097524475691,2.4506777203463668
2024-05-20,8.330448124925701e-05,2.450881872782569
2024-05-21,-0.0010681194781247156,2.4482640381156675
2024-05-22,8.520185684249008e-05,2.4484726347577555
2024-05-23,0.001790761022946214,2.45285726411783
2024-05-24,0.0,2.45285726411783
2024-05-28,0.0026740420963068997,2.4594163076983135
2024-05-29,-0.0005183599854882094,2.4581414446967456
2024-05-30,0.0,2.4581414446967456
2024-05-31,0.0052272707603704845,2.4709908155954636
2024-06-03,0.001809977799305635,2.4754632541139796
2024-06-04,-0.001181717511767134,2.472537955836857
2024-06-05,-0.00013158884215889812,2.4722125974300546
2024-06-06,-0.0004369283929962321,2.4711324175527145
2024-06-07,0.0014001863768534832,2.474592463499173
2024-06-10,0.00015642893116632107,2.4749795613533108
2024-06-11,-0.0003835565467647306,2.4740302667394447
2024-06-12,0.0006983760557595688,2.47575807023896
2024-06-13,-0.00011862099498261786,2.475464393353332
2024-06-14,0.0,2.475464393353332
2024-06-17,0.0,2.475464393353332
2024-06-18,0.004327272737895545,2.4861764029363207
2024-06-20,0.001532987015703774,2.489987679080771
2024-06-21,0.0012196745351145295,2.4930246536456946
2024-06-24,0.0015152322154387706,2.4968021649147816
2024-06-25,0.0006950944077898207,2.4985376781369717
2024-06-26,-0.0008735275261409556,2.4963551367000187
2024-06-27,0.001502307866978353,2.5001054306606547
2024-06-28,0.001668555558022576,2.5042769954726256
2024-07-01,0.0027989612768835785,2.5112863698095436
2024-07-02,-0.0008235485557613004,2.5092182035465838
2024-07-03,0.0014703915671098059,2.512907736833117
2024-07-05,0.0022882260103145808,2.518657837678059
2024-07-08,0.015249144294963286,2.557065214474452
2024-07-09,0.02641435906355704,2.624608453198512
2024-07-10,0.005438559476414328,2.638882542373532
2024-07-11,-0.0038380510574937306,2.6287543764411736
2024-07-12,0.00331146008836201,2.6374593916408653
2024-07-15,0.0003072499619697777,2.638269750938644
2024-07-16,0.0018084860119314007,2.6430410248789182
2024-07-17,-0.0017775325484995278,2.6383429334301765
2024-07-18,0.0030091304732937207,2.6462820515501604
2024-07-19,0.005191017076354229,2.660018946868607
2024-07-22,0.00029223217118042706,2.6607962899808317
2024-07-23,-0.0001945558385635112,2.6602786165273877
2024-07-24,-0.0026168848080818643,2.653316973830532
2024-07-25,0.0004326779853145148,2.65446500567317
2024-07-26,0.004982820403484091,2.667691728063773
2024-07-29,-0.002025109682140129,2.662289359716306
2024-07-30,-0.00037168420303237797,2.6612998288173983
2024-07-31,0.01682513396899962,2.7060765549689267
2024-08-01,-0.004447594258243274,2.69404102442068
2024-08-02,-0.0007019309814683038,2.6921499935602924
2024-08-05,0.008137778105461046,2.7140581128345045
2024-08-06,-0.01132134602634913,2.683331321803485
2024-08-07,0.010351806961261948,2.711108649659903
2024-08-08,0.011435675904045196,2.7421120095180673
2024-08-09,0.005840434809988525,2.7581271359513444
2024-08-12,0.003185298482169173,2.76691259413112
2024-08-13,-0.006252503881417547,2.749612462396772
2024-08-14,-0.0009030137667215929,2.747129524490078
2024-08-15,0.01311517881150093,2.783158619422119
2024-08-16,0.004127965049718832,2.7946474009309172
2024-08-19,-0.0002586032373033721,2.7939246960659148
2024-08-20,-0.000586812552935104,2.792285185982308
2024-08-21,-0.002585838823471187,2.7850647865421916
2024-08-22,0.009031836885671374,2.810219037410268
2024-08-23,-0.00025774570460313455,2.8094947155243815
2024-08-26,-0.0010153033936323114,2.8066422260053177
2024-08-27,0.005003697851156633,2.8206858156805463
2024-08-28,0.0016054029263972292,2.825214152943487
2024-08-29,0.0031892644144866167,2.8342245079047736
2024-08-30,0.0031115931365374625,2.8430434614309767
2024-09-03,0.00682071584452606,2.8624350530150355
2024-09-04,0.003710393836806207,2.8730558143940006
2024-09-05,-0.00023375532168305518,2.8723842223078937
2024-09-06,-0.002799620314282215,2.8643426370886966
2024-09-09,0.008909187749481646,2.889861603421365
2024-09-10,0.0010281237135216859,2.892832738664638
2024-09-11,0.005175396356210192,2.907804294679449
2024-09-12,0.004981955367019059,2.9222908458915677
2024-09-13,0.011029193184453858,2.954521356172067
2024-09-16,0.001354419153258212,2.958523016485577
2024-09-17,0.002304888582545643,2.965342082407473
2024-09-18,0.0011015578004661645,2.968608578109399
2024-09-19,-0.0015185620046301667,2.964100561916063
2024-09-20,0.0030230841953019236,2.973061287478077
2024-09-23,0.0010707264391439878,2.9762446228037756
2024-09-24,-0.007684757156877993,2.9533729056380644
2024-09-25,0.011558486095248547,2.9875094253019654
2024-09-26,0.018309711092840852,3.0422098597663836
2024-09-27,-0.0006638359873349811,3.0401903313804453
2024-09-30,0.0016397010555004895,3.045175334675732
2024-10-01,0.002624246958224434,3.053166626785015
2024-10-02,0.00431517347232397,3.0663415704195023
2024-10-03,-0.004674360374469422,3.0520083848881447
2024-10-04,0.010837728742492832,3.085085223883376
2024-10-07,0.0001874699522783606,3.0856635846630724
2024-10-08,0.002227741282813735,3.0925376448155015
2024-10-09,0.0023579018531045062,3.099829545059008
2024-10-10,0.006929003961181256,3.1213082762557085
2024-10-11,-0.0008231478351504133,3.118738978105272
2024-10-14,-0.0005745277279717353,3.116947176086044
2024-10-15,0.012612291747556787,3.1562590232325647
2024-10-16,0.001351255686372235,3.160523936185371
2024-10-17,0.010337708027511359,3.1931965098516164
2024-10-18,0.00898887952232651,3.221899768569786
2024-10-21,-0.010740983878891351,3.1872933950961744
2024-10-22,0.0011556973453386305,3.1909769416117024
2024-10-23,0.0018515614423982572,3.196885231480372
2024-10-24,0.0018047494285699558,3.2026548082750903
2024-10-25,0.0019353303406396967,3.208853003296141
2024-10-28,7.125086519890918e-05,3.2090816368489223
2024-10-29,0.012577974569381237,3.2494453840682764
2024-10-30,0.006934635683002802,3.2719791039786053
2024-10-31,-0.003125316107369135,3.2617531349819657
2024-11-01,-1.376879755933709e-05,3.2617082245633617
2024-11-04,0.0,3.2617082245633617
2024-11-05,-0.0034837432734170642,3.25034527047619
2024-11-06,0.008663572878919848,3.2785048736086133
2024-11-07,-3.338783146707921e-05,3.278395411440429
2024-11-08,-0.008081311313201781,3.2519016775128065
2024-11-11,0.0,3.2519016775128065
2024-11-12,0.0012070162045906185,3.2558267755332997
2024-11-13,0.004841580971460806,3.2715901244960945
2024-11-14,0.006849330497363124,3.293998326510678
2024-11-15,0.0005988200963485705,3.2959708389059306
2024-11-18,0.0011152915433538938,3.299646807309703
2024-11-19,-0.0028512673345612426,3.2902386321524317
2024-11-20,0.004101957453955052,3.3037350510348804
2024-11-21,-0.00028374511209810734,3.3027976323624824
2024-11-22,0.007494429281181808,3.327550215648278
2024-11-25,0.0005501113346106535,3.3293807387383922
2024-11-26,0.000692354631886104,3.3316858509141696
2024-11-27,0.00017782380735861122,3.3322783039771022
2024-11-29,0.0005957583865730108,3.3342635367230917
2024-12-02,0.0008721209059536997,3.337171417659427
2024-12-03,0.00010813557125719962,3.3375322845970588
2024-12-04,0.0040119652588557,3.3509223481731714
2024-12-05,0.001558479687105178,3.3561446925858656
2024-12-06,0.00452872104498165,3.3713437356851825
2024-12-09,0.008327110336100637,3.3994172869531547
2024-12-10,0.008643364478976357,3.4287996895804236
2024-12-11,-0.005625928956763038,3.409509506119873
2024-12-12,0.0013732189426786299,3.41419150915892
2024-12-13,-0.006092247685833374,3.3933914088382546
2024-12-16,0.006186378352830991,3.4143842119925747
2024-12-17,-0.00351550321799756,3.402380933307835
2024-12-18,-0.004784189213586275,3.386103299146192
2024-12-19,0.009340201353796046,3.4177301857649702
2024-12-20,-0.0028562062446736585,3.4079684434657787
2024-12-23,0.0019592936679002733,3.4146456544574653
2024-12-24,-0.0008972903629741347,3.411581725818749
2024-12-26,0.019282353593965885,3.4773650509706986
2024-12-27,0.0006693063289933597,3.4796924734075336
2024-12-30,0.010936366962941684,3.5177476672149046
2024-12-31,0.0066130599737023125,3.541010743510548
2025-01-02,-0.00046842583569746616,3.539352042593805
2025-01-03,0.00024163253327053229,3.5402072651939935
2025-01-06,0.0008103163393288083,3.5430759529855904
2025-01-07,-0.0004790894850604417,3.5413785025517446
2025-01-08,-0.0003893996261592378,3.5399994910867627
2025-01-10,0.0013347410736695437,3.5447244738082855
2025-01-13,-0.00043172530527807744,3.5431941265527036
2025-01-14,-0.0031681323813755866,3.531968818506872
2025-01-15,0.010290512770129016,3.5683145887374144
2025-01-16,0.0006956179352816616,3.5707967723640675
2025-01-17,-0.00018825390963734433,3.5701245559111494
2025-01-21,0.00014099399528811306,3.5706279220359636
2025-01-22,0.0012954079593647159,3.575253341866099
2025-01-23,0.004724833813860582,3.592145819748866
2025-01-24,-0.0015602601241755973,3.5865411378660874
2025-01-27,0.001943293027190331,3.5935108382510337
2025-01-28,0.002804777077044564,3.603589835076271
2025-01-29,0.003756166815233695,3.6171255196304983
2025-01-30,-0.00011360873669550454,3.616714582569744
2025-01-31,-0.001763346651715807,3.6103370610203576
2025-02-03,0.00511273910411911,3.6287957724912867
2025-02-04,0.023738533522781373,3.714938062583898
2025-02-05,0.0015170778074068253,3.7205739126745345
2025-02-06,-0.0008311824971193409,3.7174814367590807
2025-02-07,0.0004404294336979654,3.7191187250030553
2025-02-10,0.0009647398663041084,3.7227067071045843
2025-02-11,-4.5364578648214666e-05,3.7225378280833854
2025-02-12,0.0010055814574070347,3.7262811430978022
2025-02-13,-0.00040030427180556686,3.7247894968382713
2025-02-14,0.00277040979847835,3.7351086901575816
2025-02-18,0.001223049744439756,3.7396769138865333
2025-02-19,0.003507316857946352,3.75279314576988
2025-02-20,-0.00018501743365021567,3.75209881361303
2025-02-21,0.0006647728421801755,3.7545931070054968
2025-02-24,0.0018822234648309386,3.7616600902523953
2025-02-25,-0.0004503964330452934,3.7599658519654167
2025-02-26,0.007550753614827309,3.7883564277137722
2025-02-27,0.0026473958917428097,3.798385706956959
2025-02-28,-0.0010862854593176499,3.7942595757946114
2025-03-03,0.004649063340792943,3.8118993288938907
2025-03-04,0.007386224477158207,3.84005487302143
2025-03-05,0.0011225064524265503,3.8443653593940685
2025-03-06,0.0035659168878826525,3.8580740467523227
2025-03-07,-0.0006354644611546638,3.855622377807108
2025-03-10,0.0052944534903041395,3.876035791162584
2025-03-11,0.00015194207293994994,3.8766247240754823
2025-03-12,0.0022332753801084003,3.88528229462968
2025-03-13,0.00044600392301430306,3.8870151457751025
2025-03-14,0.008439873350263041,3.9198210613159987
2025-03-17,-0.00013784080878414076,3.919280750010618
2025-03-18,0.007174041753475776,3.9473978337547884
2025-03-19,0.003491910898614891,3.9611817952716457
2025-03-20,0.0005663430134468635,3.9634251829063905
2025-03-21,0.00949893366596149,4.00107349580882
2025-03-24,0.0023755600443386886,4.010578286139926
2025-03-25,-0.0013575323306041164,4.005133796452072
2025-03-26,0.00820101529297194,4.037979959967174
2025-03-27,0.015830816558775693,4.101904479981427
2025-03-28,0.0005440015447902035,4.104135922355119
2025-03-31,0.003641309152816854,4.119080350053595
2025-04-01,-0.000527968870152153,4.116905603855112
2025-04-02,0.0017694713421735411,4.124190350339568
2025-04-03,0.0,4.124190350339568
2025-04-04,0.0,4.124190350339568
2025-04-07,0.0,4.124190350339568
2025-04-08,0.0006102909434348868,4.126707306359381
2025-04-09,0.01829060140331591,4.202187264808153
2025-04-10,0.0032830715333666987,4.21598334619512
2025-04-11,0.009088482453951224,4.254300236863165
2025-04-14,0.008142337951084933,4.2889401871370865
2025-04-15,0.0028111983764120014,4.300997248827695
2025-04-16,0.0005340977961496828,4.30329440197954
2025-04-17,-0.0013887170012549129,4.297318343882106
2025-04-21,-0.0019161164883791857,4.289084181347579
2025-04-22,0.011661640156357442,4.339101937670779
2025-04-23,0.0020477606260481764,4.34798737977115
2025-04-24,0.0035978552337669494,4.363630808921813
2025-04-25,0.0008437697922532045,4.367312708782927
2025-04-28,-0.002425668482698691,4.356719055991142
2025-04-29,3.103130709596396e-05,4.3568542506781
2025-04-30,0.003891046055192508,4.3738069712232495
2025-05-01,0.009907622027179073,4.41714099751397
2025-05-02,0.004237471376436576,4.43585850605662
2025-05-05,0.0,4.43585850605662
2025-05-06,0.0019857441066329774,4.444666985942879
2025-05-07,-0.002328042724376923,4.434319611303977
2025-05-08,0.005869921437724428,4.460348719052092
2025-05-09,-0.0007857862988227004,4.456843838140689
2025-05-12,0.005626699833909779,4.481921160624518
2025-05-13,0.0010087499976897969,4.486442298584944
2025-05-14,0.0014454246982184172,4.492927113090451
2025-05-15,0.008511479305100112,4.531168569232844
2025-05-16,-0.0028580477950063067,4.518218272894746
2025-05-19,0.006909511604318408,4.549436954482156
2025-05-20,0.005955703925603102,4.576532054011249
2025-05-21,0.0065620062296780106,4.606563285859992
2025-05-22,0.0010021335655956648,4.611179677550793
2025-05-23,0.0010787370692607308,4.616153928001989
2025-05-27,0.007381244010561745,4.650226886534885
2025-05-28,0.006062686530227624,4.678419754442381
2025-05-29,0.015256390477165167,4.7497955530322375
2025-05-30,-0.0004664161465700692,4.7475801716933965
2025-06-02,-0.0033859965468946663,4.731504881625937
2025-06-03,0.0019304626072363564,4.740638874875872
2025-06-04,0.009743235831817635,4.78682803742727
2025-06-05,0.000855543169645796,4.790923375458959
2025-06-06,-0.0024845736053533836,4.779019973695023
2025-06-09,-0.0022944087614456864,4.768054948396253
2025-06-10,0.0003516214476153216,4.769731498779518
2025-06-11,0.012848024630198759,4.8310131265552725
2025-06-12,0.00109977170439119,4.836326138095401
2025-06-13,0.002105925574258258,4.846511080995069
2025-06-16,0.002666022256133868,4.859431987401601
2025-06-17,0.00573701554861209,4.887310624270747
2025-06-18,0.0019058165358436547,4.896624941674287
2025-06-20,0.0021288216759276107,4.907048982989012
2025-06-23,0.003116101784182099,4.922339847079972
2025-06-24,0.0068008290026246145,4.955815838672769
2025-06-25,-0.009198630436447721,4.910229120261723
2025-06-26,0.0001612588440434075,4.911020938133645
2025-06-27,0.0007955261511546097,4.914927783718798
2025-06-30,0.0025656186082287573,4.927537613898807
2025-07-01,-0.0016152095156422824,4.919578608256153
2025-07-02,0.001364459880657384,4.926291175896859
2025-07-03,0.0022371441577527912,4.937311999420406
2025-07-07,0.005785596378963596,4.965877293846067
2025-07-08,0.0035410641263310242,4.983461783787067
2025-07-09,-0.0010849763862362243,4.9780548454299485
2025-07-10,0.0020518092330614065,4.988268864324488
2025-07-11,-0.0021317611824058663,4.977635066392117
2025-07-14,0.007904097249304205,5.016978778028427
2025-07-15,0.007568735785332613,5.0549509648399455
2025-07-16,-0.0012094055540660521,5.0488374790675365
2025-07-17,0.0019787888178524693,5.058828062214269
2025-07-18,4.870062507729735e-05,5.059074430303058
2025-07-21,0.0,5.059074430303058
2025-07-22,0.0029893233221331824,5.074197639485971
2025-07-23,0.0,5.074197639485971
2025-07-24,0.0,5.074197639485971
2025-07-25,0.0,5.074197639485971
2025-07-28,0.0,5.074197639485971
2025-07-29,0.0,5.074197639485971
2025-07-30,0.0,5.074197639485971
2025-07-31,0.0,5.074197639485971
2025-08-01,0.0,5.074197639485971
2025-08-04,0.0,5.074197639485971
2025-08-05,0.0,5.074197639485971
2025-08-06,0.0,5.074197639485971
2025-08-07,0.0,5.074197639485971
2025-08-08,-0.00036864292755285145,5.072327072413168
2025-08-11,0.0,5.072327072413168
2025-08-12,0.0004928643398256074,5.074827041547093
2025-08-13,-0.000762424054101761,5.0709578713402115
2025-08-14,0.0,5.0709578713402115
2025-08-15,0.0,5.0709578713402115
2025-08-18,0.005503829323302083,5.098867557969723
2025-08-19,-0.0003900038562916775,5.096878979959394
2025-08-20,0.00011699012114456289,5.097475264448719
2025-08-21,0.0007604757289634923,5.101351770666324
2025-08-22,0.0010988574447161194,5.106957429037637
2025-08-25,0.0016359833136629794,5.11531232617513
2025-08-26,0.003631257601223571,5.133887342942186
2025-08-27,0.005533195012502425,5.162294142782903
2025-08-28,0.002061871907791471,5.172938132055663
2025-08-29,-0.004210050427718356,5.151159801660241
2025-09-02,0.002870947695569891,5.1659485120223305
2025-09-03,0.002178218512193053,5.177201076704254
2025-09-04,0.003889885001960142,5.197339793524658
2025-09-05,0.004746847066258518,5.222010770675899
2025-09-08,0.00465486509606572,5.2463185263435985
2025-09-09,0.00034800879746079664,5.248144291345048
2025-09-10,0.003965623138815051,5.268956453782645
2025-09-11,0.0015536765217478651,5.277142707718999
2025-09-12,-0.0001683255222213507,5.276254429916886
2025-09-15,0.0026869615686565505,5.290431522796526
2025-09-16,0.0009365545419461527,5.295386300468056
2025-09-17,0.0003561911695838571,5.297272470307819
2025-09-18,0.0025230540491855574,5.310637775063668
2025-09-19,0.0015563567970936255,5.31890302226179
2025-09-22,0.004069739819937146,5.340549573689874
2025-09-23,-0.000622890310501257,5.337222997107671
2025-09-24,0.024192097322427487,5.466341615285198
2025-09-25,-0.0003254056936874545,5.464562836599943
2025-09-26,0.00816172966788695,5.509163121225453
2025-09-29,0.0033726368564142547,5.527743527816096
2025-09-30,0.0033018115232298804,5.545995095093699
2025-10-01,0.0021859063640691976,5.558118121067161
2025-10-02,-0.0020771527214426414,5.546573060885887
2025-10-03,0.007203264463842167,5.586526493511471
2025-10-06,-0.019793110003893465,5.475951760085733
2025-10-07,0.011774215154815078,5.540426794286371
2025-10-08,0.005229573050100752,5.569400860935827
2025-10-09,0.009491297693475462,5.622261702481269
2025-10-10,0.0038454147653047125,5.643881630646397
2025-10-13,0.0,5.643881630646397
2025-10-14,-0.0005901945721241256,5.640550642342278
2025-10-15,0.0003896540439905893,5.6427485057104
2025-10-16,0.0018186228137420882,5.653010536875094
2025-10-17,0.003935413713174942,5.675257472062634
2025-10-20,-0.0009180937024486901,5.6700470539177585
2025-10-21,0.009632144628020865,5.724661767188778
2025-10-22,0.003794752974437957,5.746385444457468
2025-10-23,0.004561384273580108,5.772596916653746
2025-10-24,0.002711581254755697,5.788249782244205
2025-10-27,0.007731488054661747,5.833001566293024
2025-10-28,0.004370063597041325,5.858492154099367
2025-10-29,0.0034438536537945126,5.8786679437099885
2025-10-30,0.008990936627951366,5.9315226746486545
2025-10-31,-0.0014220618836307793,5.923087682341145
2025-11-03,5.2335103088158465e-05,5.923397667745601
2025-11-04,0.006449948305365416,5.9616032764946825
2025-11-05,0.007114894402347173,6.004019454275629
2025-11-06,0.003219719463745855,6.023350712573269
2025-11-07,-0.0004241216575210054,6.020796079085222
2025-11-10,0.004527397228989839,6.048054614569986
2025-11-11,0.00983823091671808,6.107556772465047
2025-11-12,-0.0013355524664083434,6.0993998099538524
2025-11-13,0.005022713291460685,6.13003534644924
2025-11-14,0.002432686637056848,6.144947801521233
2025-11-17,-0.0014792116257233195,6.13585812329376
2025-11-18,0.008863257920364211,6.190241816403274
2025-11-19,0.0030784430866811494,6.209298123527866
2025-11-20,0.01110252493731867,6.27823701078758
2025-11-21,-0.0003832127421250752,6.275831110366965
2025-11-24,-0.0011667298971867342,6.268508910580805
2025-11-25,0.004713825150397961,6.298057565538995
2025-11-26,0.0002646104899037062,6.2997240976368545
2025-11-28,0.0007445695345681607,6.304414680276141
2025-12-01,0.009266740405684553,6.362836054528047
2025-12-02,0.002485993057565533,6.378654020786032
2025-12-03,0.006980604061319698,6.4231808789492835
2025-12-04,-0.0012156900706542689,6.415372281732728
2025-12-05,0.0058657579165785085,6.453003302482101
2025-12-08,0.0026049808953526247,6.469813252802714
2025-12-09,0.0036987172319843118,6.493743262568575
2025-12-10,-0.0004005706648908691,6.491142059512257
2025-12-11,-0.0009038673822726485,6.485274927930966
2025-12-12,-0.0061325232784255656,6.445503828468439
2025-12-15,0.0038184708627696713,6.4701157970333165
2025-12-16,0.005293092133185404,6.504362716059392
2025-12-17,0.0070327178668844175,6.550106063945319
2025-12-18,5.6080425223725174e-05,6.550473396678645
2025-12-19,0.0028481614315066907,6.5691302023651765
2025-12-22,0.0031294007102781454,6.589687643086369
2025-12-23,0.00019402452748072457,6.5909662041175645
2025-12-24,0.006574541608052967,6.634298785663806
2025-12-26,0.0010711687392646711,6.64140523912995
2025-12-29,0.00016026562844105875,6.6424696281143305
2025-12-30,0.00040581675090129365,6.6451652535567725
