,portfolio,market,fx_proxy
2022-01-07,0.013024446740576252,0.0030928195856214863,0.0017503920229861025
2022-01-10,0.006632215386901159,0.007748326225638689,0.0010985506549336438
2022-01-11,0.00330743867729563,-0.0015162412187176824,0.0020406202258107823
2022-01-12,0.010425673571148856,0.013851439497354262,0.0026768376132177267
2022-01-13,0.00619531421255846,-0.003452124511687832,0.00032001283786938075
2022-01-14,0.0,-0.0073780410626917295,-0.0015851331776545992
2022-01-17,0.0,0.002084516349297549,-0.0005724527463957847
2022-01-18,-0.00326341651857966,-0.0011348285887747532,-0.0017729621306761761
2022-01-19,0.0,-0.009468195161825484,0.0007832221159067162
2022-01-20,-0.00397486570805273,0.009562985346308036,0.0005336539220964069
2022-01-21,0.004618563469360365,-0.0027029080102865975,0.00017147763743391946
2022-01-24,0.007760312980798889,-0.004446768603602171,-0.0013373849421945668
2022-01-25,0.0,-0.018499039345021676,0.00021080762331126093
2022-01-26,0.0,-0.001508299523509607,-0.0018815214705476839
2022-01-27,0.0,-0.018989312897504707,-0.003972554641799585
2022-01-28,0.014224815159133947,0.00763307020612842,-0.0005050958743500427
2022-01-31,0.00301992443928852,0.0074470181099779344,0.002702278536715099
2022-02-01,-0.001123985751397995,0.0014373962679119492,0.001421373547010279
2022-02-02,-0.01789564324150018,0.018172373065362034,0.0005015977739323981
2022-02-03,0.0,-0.00339688356555028,0.00022394834399262133
2022-02-04,0.00800946701131645,0.00900174003241993,-0.0014128628949973132
2022-02-07,0.00578146926052135,0.00037052750670349036,8.301483105789164e-05
2022-02-08,-0.001927112221053045,0.002611688346789862,-0.0001425769901259159
2022-02-09,0.0,0.015274875199370614,0.0015058380637461163
2022-02-10,0.020410645628059464,0.006460208227230883,-0.0016723266877913408
2022-02-11,0.014177229339302105,-0.0054964615772315215,-0.0007031164666797238
2022-02-14,0.0053386902969187345,-0.010039241934247765,-0.0004051768869665174
2022-02-15,0.00313175998217557,-0.003613228362537341,0.0017229269505945762
2022-02-16,0.00409983088088399,0.013834168764843006,0.0011361055540061273
2022-02-17,0.030445722766232825,-0.0034317348668597017,-0.00041720933831365404
2022-02-18,0.006441815629526474,-0.004533402336563755,0.0004712437418826664
2022-02-21,0.0,-0.005967000357323527,0.0007715439893983115
2022-02-22,0.0,-0.015295511805586772,-9.779082008704536e-05
2022-02-23,0.01583061775886454,0.002423010611858425,0.0008400573198052784
2022-02-24,0.021555302090737367,-0.021323900437777613,-0.005830668803393931
2022-02-25,0.0,0.008577361971057467,0.00280577416273222
2022-02-28,0.0,0.0034652391184489596,0.00017536177649359684
2022-03-01,0.07116037092194753,0.007465788249075245,-0.001136711144181346
2022-03-02,0.0,-0.014071508623540604,0.00022574813457135442
2022-03-03,-0.0057033707400981045,0.009251927346828196,-0.0007428588117599197
2022-03-04,-0.000502721381954975,-0.01579106201403637,-0.0011294800736789275
2022-03-07,0.006298088330217,-0.022236875586767388,-0.0041298271541909985
2022-03-08,0.0,-0.018943771964604283,-0.0013582140841590777
2022-03-09,-0.0005030456535381549,0.0002826880669788042,0.0033012177614753554
2022-03-10,0.006172845594483215,0.02595607216994663,-0.00046255937245900177
2022-03-11,0.004302608271215325,-0.013036912751529042,-0.003851989730560819
2022-03-14,0.035251326183000045,-0.01262322478073129,-0.0038262862776547797
2022-03-15,0.00596337358588536,-0.01783884156834487,0.00017739821587185606
2022-03-16,0.00386732090354528,0.03669902189617574,0.00397386306505357
2022-03-17,-0.002880260946856425,0.03526408603942926,0.004026318005953453
2022-03-18,-0.002375307373317369,0.005958602970223459,-0.0014711708475564254
2022-03-21,-0.0022684829430082002,-0.002692485339238109,-0.002136342413388559
2022-03-22,0.009821366581200936,0.014988508869096372,-0.00023775649401018434
2022-03-23,0.013908249739629092,0.013046770386140877,-0.0010781511928064193
2022-03-24,0.0,-0.00034095900571049094,-0.000612183818396117
2022-03-25,0.01183153448016777,-0.0045734505452278045,0.00046570880069305635
2022-03-28,0.00021809552776708,-0.001114516508997479,-0.002216299596163883
2022-03-29,0.0,0.005727832657275997,0.003766518508005326
2022-03-30,0.01616483505467625,0.004121783709325537,0.0016105049261074104
2022-03-31,0.007742296042927669,-0.008635865377346943,-0.0007454684107129502
2022-04-01,0.0,0.0019507131925516595,-0.0011573234879817187
2022-04-04,0.0,0.010969862831748728,0.0017293354502380725
2022-04-05,0.0,-4.736417510299334e-06,-0.0005680001151159197
2022-04-06,0.0,-0.013165037068865437,-0.0017799946565704465
2022-04-07,0.0,-0.015394963536764155,-0.0015119426826020793
2022-04-08,0.0075072746982062,0.0024313174219993522,-0.0020026072151308723
2022-04-11,0.0,-0.011094579004788201,-0.0032275266993498516
2022-04-12,0.003083256450124105,-0.005841935207484859,0.0007996158157643359
2022-04-13,0.0,0.007974767474514668,0.0003113116591984594
2022-04-14,0.006211040469732866,0.012903783052415385,-0.0012479196794798828
2022-04-15,0.0,-0.004533078119329266,-0.0007615667851135614
2022-04-18,0.03631042868349777,-0.010415276248897794,-0.0028830764827110222
2022-04-19,0.0,-0.0005389078243661262,-0.002709391653356778
2022-04-20,0.01190711442485188,0.0025592774228676055,0.001955537500201256
2022-04-21,0.0046313239797036295,-0.00047000473978451495,-0.0028124837854875155
2022-04-22,0.0,-0.008681855560245977,-0.0040976213170766836
2022-04-25,0.0,-0.01966699236514143,-0.0035035269092244274
2022-04-26,0.0030683484201263302,-0.0007463270527407377,-0.0008096536407181161
2022-04-27,0.0,-0.003956353687302733,-0.0013979882235037474
2022-04-28,0.0,0.015428631890862039,-0.005064734235517434
2022-04-29,0.0,0.01432561512662069,0.0021373717903731197
2022-05-02,0.019291824543289385,1.7414420831229905e-07,-0.0014387601561548502
2022-05-03,0.002568058339285405,-0.00020276697791640273,0.0014166516019324747
2022-05-04,0.0,-0.004739380623714081,0.00505973053370834
2022-05-05,0.0,0.0030143281693123273,-0.00641140746785413
2022-05-06,0.0,-0.011963611033730134,-0.0020379094129092364
2022-05-09,0.0,-0.016452714530565144,-0.004672564171517341
2022-05-10,0.0,-0.010812082745826164,0.0003899156362405787
2022-05-11,0.027259051958073828,0.0022791246175709987,0.00039828791346199007
2022-05-12,0.0,-0.014613312480285611,-0.00344919406562728
2022-05-13,0.0,0.01679639093992834,0.0016543362233702704
2022-05-16,-0.00125481693826284,0.004893252319698717,-1.824195517802723e-05
2022-05-17,0.0,0.009076651164148101,0.0035288790868412867
2022-05-18,0.013505579103775325,0.009306471727834532,-0.0028942908476658025
2022-05-19,0.0,-0.014653256815071642,0.004411143407852758
2022-05-20,0.0,0.01420056797343524,-0.00036626060856047684
2022-05-23,0.002999717453244755,-0.00037014726288669075,0.0036881324805295916
2022-05-24,0.0,-0.015649609387322294,0.00047701804171435496
2022-05-25,0.0,-0.000475469150464966,-0.0014464758938479325
2022-05-26,0.012956420581441575,-0.00169921525009875,0.00031470368335384524
2022-05-27,0.0,0.010717040649965405,0.0035773996770515977
2022-05-30,0.0,0.01455525644892488,0.0033921057139604553
2022-05-31,0.002016375124540265,0.004070812247074561,-0.002716522310871615
2022-06-01,0.001315147420512965,0.006828883319292126,-0.0026057691456812856
2022-06-02,0.0,-0.005467184476657114,0.002666561274310066
2022-06-03,0.01834326524266524,0.006718475190446379,-0.0032472961085854594
2022-06-06,0.0,0.007082521175988735,-0.001563909928488306
2022-06-07,0.0,-0.0013804518635739814,-0.00019315694425218894
2022-06-08,-0.001339343969006275,0.012663100358489821,-0.0026607409974593573
2022-06-09,0.0038982842297019945,-0.003393624676708217,-0.003153761144266959
2022-06-10,0.002691234128343275,-0.012543619987487474,-0.0030640146931092
2022-06-13,0.0,-0.02754402803089784,-0.0054640263553940634
2022-06-14,0.0,-0.010824758663995212,-0.0007780332046732795
2022-06-15,0.0,-0.007781673820372749,0.0043049865353789385
2022-06-16,0.0,-0.003554249132630509,0.0011510686895426024
2022-06-17,0.0,-0.012007472809207503,-0.004868416879921314
2022-06-20,0.0,-0.0032911431685581456,-0.0001751601605900286
2022-06-21,0.0,0.015580490722931968,-0.000866963333736885
2022-06-22,0.0,-0.008167351818621297,-0.0017901312992139142
2022-06-23,-0.0010444547409935848,0.0016097272324445099,6.840337905828446e-05
2022-06-24,0.019800570022386624,0.013469515628565526,0.001230909282619294
2022-06-27,-0.011735848520875366,0.014934522803108044,0.0001054072875165225
2022-06-28,0.0,0.010784295011339462,-0.002437633525182599
2022-06-29,0.13094374056980276,-0.01150128168371506,-0.002016505367488965
2022-06-30,0.0,-0.009329528955498326,0.0016240627060181043
2022-07-01,0.0,-0.009929505213685097,-0.0026747668823625874
2022-07-04,0.0,0.005015312794343633,0.0006127898013308072
2022-07-05,0.0,0.005439259407378571,-0.004202742701118473
2022-07-06,0.0,-0.012969890384595437,-0.0004988347401191968
2022-07-07,0.0,0.008528424671468129,0.0015255019752759508
2022-07-08,0.004998507866795925,0.007280141089605199,0.0007687372480315439
2022-07-11,0.006816382136058565,-0.003768379670955516,-0.005378028450704463
2022-07-12,0.002854397989333975,-0.013887104010875157,4.4295117258361865e-06
2022-07-13,0.0,0.0011428696168500712,0.0001089152073656674
2022-07-14,0.0,0.0016246727731370877,-0.003391158846103687
2022-07-15,0.01020543608200514,-0.010461416522723846,0.0011955026937756125
2022-07-18,0.0,0.018740240885545493,0.0006101729084980947
2022-07-19,0.0,0.0006056539079965773,0.003105948050232646
2022-07-20,0.0031940969669296652,0.018574771395994272,-0.0017280667273993557
2022-07-21,0.0,0.0005828578161507034,0.0015068574896670572
2022-07-22,0.00963702438750116,0.0005403871057065732,0.001744937013019224
2022-07-25,0.0,-0.004876613689075018,0.0004742980831100585
2022-07-26,0.00696590478557791,0.004362072862150442,-0.0005500087612670553
2022-07-27,0.0,-0.002328250968477462,0.0016893312786140672
2022-07-28,0.01529534790902479,0.006471117981957039,0.00291685052636575
2022-07-29,0.0,-0.004955955627682418,0.0016642422363811749
2022-08-01,-0.002167643775729755,0.005310382169263315,0.0008068177181791828
2022-08-02,0.0,-0.017647465923075197,-0.002369658343191371
2022-08-03,0.0,0.0022633334650739695,-0.0006849685767473498
2022-08-04,0.01976240504207835,0.004867496151951687,0.0017450812897387147
2022-08-05,0.02248534199016745,0.009707079867202258,-0.0026942213374652694
2022-08-08,0.002743075542983615,0.0006732643128029014,0.0015059716731697218
2022-08-09,0.0,-0.0032665731155735282,-0.0011018167180033365
2022-08-10,0.00386295764678105,-0.008750891380229692,0.00584820204781189
2022-08-11,0.0,0.020333040663302503,-0.0004820696220749462
2022-08-12,0.0,0.009704687917678409,0.0004170386925628312
2022-08-15,0.0056439571072015,1.41708529903783e-06,-0.004037587484729962
2022-08-16,0.04335525749595326,0.001049372486461767,-0.0004410030944972993
2022-08-17,0.032027469618136795,0.007915083338014895,-0.0024923756477344735
2022-08-18,0.0,-0.008641349778078407,-0.002954967470725232
2022-08-19,0.020976537336106965,0.0032769288716166583,-0.0032685675345948736
2022-08-22,-0.002996304558048815,-0.0063176769284937,-0.0026710760288725
2022-08-23,0.0,-0.008866128084710935,0.002378506663164899
2022-08-24,0.0,-0.0027701992804925685,-0.0011254628273471062
2022-08-25,0.0,0.010458507311963473,0.002732986354358611
2022-08-26,0.03636657651472865,0.004532043720584625,-0.0034285462257279587
2022-08-29,0.0034107512627072805,-0.01750480958160033,-0.0028863895085998233
2022-08-30,0.0,0.006159371434777775,-0.0004843174353088261
2022-08-31,0.00683544186244701,-0.0021060608819930566,0.0010460782329948313
2022-09-01,0.0,-0.01660962948291884,-0.004843562974247767
2022-09-02,0.0,-0.0062437469834380095,-0.0005457631744604129
2022-09-05,0.0,-0.0011233800124814913,-0.002212553163404942
2022-09-06,0.0,0.0005024649110496256,-0.0039264154171226254
2022-09-07,0.0,-0.008829186340315135,0.00013363863176911334
2022-09-08,0.01352288250674236,0.008655747374104907,-0.0012426348730303954
2022-09-09,0.0,0.01177402300475167,0.00450446949800696
2022-09-12,0.0,0.008417684812255367,0.0010139415742019214
2022-09-13,0.008681014552997425,0.005588629113820925,-0.00691315631592613
2022-09-14,0.00688443168315239,-0.019030875427155303,0.0006738499078892831
2022-09-15,0.0,-0.00030284140538954743,-0.003381952125511754
2022-09-16,0.0,-0.008748425581106913,0.0015896233101004853
2022-09-19,0.0,-0.008935721868741876,-0.0014300368438717838
2022-09-20,0.0,0.009321916501490814,-0.0020128026592232825
2022-09-21,0.003763281840346495,-0.013701635046794535,-0.0032618491675725906
2022-09-22,0.0,-0.008728335526195842,-0.002505994811972223
2022-09-23,0.00358514193581237,-0.014439509883777376,-0.0063292152805877995
2022-09-26,0.0,-0.020539114667458544,-0.00486199861041505
2022-09-27,0.00461943296845746,0.0030046124266064574,-0.0007886994830221009
2022-09-28,0.0,-0.0176301130906871,0.0015175521573993086
2022-09-29,0.021042936096496965,0.00021441986200288304,0.00040613333822788047
2022-09-30,0.00478362040444613,-0.009315386717793552,-0.0027204867504019496
2022-10-03,0.0,0.0024726227626684846,0.0015823219266811134
2022-10-04,0.0,0.030808222728978124,0.003029335101014209
2022-10-05,-0.00012517350413614978,0.017524435692724754,-0.0002416226742493704
2022-10-06,0.00285959767604379,0.0014462767086834813,-0.001822523317745764
2022-10-07,0.00059160927750654,-0.010656756285139332,-0.0037810299687959137
2022-10-10,0.006121643584342655,-0.02575243006135132,-0.002732804703821837
2022-10-11,0.0,-0.016165155437356492,-0.0013702758872370076
2022-10-12,0.032263775740103945,-0.0059724650991634385,-0.00014911198000896767
2022-10-13,0.07524213847435128,-0.010940091371435276,-0.0004341638060001126
2022-10-14,0.0,0.016072224010433435,-0.004133433299251219
2022-10-17,0.0,-0.0072799358333038265,0.0017044572530830623
2022-10-18,0.005062160678682035,0.01563321943587532,0.0005505394921397798
2022-10-19,0.006488522972447555,-0.005144762053776039,-0.003698327648540127
2022-10-20,0.0,-0.008863784716106512,0.0002707257076932746
2022-10-21,0.0008790468884801699,-0.005428593061855019,0.0031534806485927465
2022-10-24,0.0,-0.013442098443759508,-0.00408240860416523
2022-10-25,0.0,0.002749008705216941,0.0038781371333512175
2022-10-26,-0.00143295968147308,0.010449901476867685,0.007842839550230029
2022-10-27,0.0008953427866687199,-0.0022836634518367495,-0.0027439849270197007
2022-10-28,0.0,-0.01710142823589548,-0.001222213224532602
2022-10-31,0.0,0.004473256080009783,-0.0037623940701940954
2022-11-01,0.00112981163406299,0.020395371874357467,0.0012519471279955896
2022-11-02,0.017258312966608784,0.007673249209194478,-0.0014740549685374547
2022-11-03,0.0,-0.018215772794995085,-0.0030983842344134527
2022-11-04,0.0,0.014435623198490927,0.00949700861863112
2022-11-07,0.0,0.017079100231919178,0.0008834978758491111
2022-11-08,0.0015922704681531352,0.003674508670370268,0.0034762208590167058
2022-11-09,0.014501605610951757,0.001425247358695712,-0.0003451485684241281
2022-11-10,0.01143858101568562,-0.00921091675476276,0.012907877845432932
2022-11-11,0.00401535131547376,0.039395944047486794,0.010579879713397437
2022-11-14,-0.008282674442940341,0.013703813362532737,-0.0005740170505537808
2022-11-15,-0.026860342997872787,0.010044172563533805,0.002673918738881766
2022-11-16,-0.007516440980979306,-0.0036657671729177542,-0.003391984971940931
2022-11-17,0.006945534065288755,-0.0033189929654297073,-0.0035749044273666116
2022-11-18,0.00523453307892289,-0.001903087408133955,0.00038314780040163676
2022-11-21,0.0,-0.005129197089229305,-0.0054394973644458725
2022-11-22,-0.010513955835417064,-0.0012025631821443825,0.0025843846119648424
2022-11-23,0.0,0.004972158177471066,0.004329369288670731
2022-11-24,0.0,0.013415573527302672,0.004500895722443357
2022-11-25,0.0184700776338734,-0.0019369185528864098,-0.0011848840111828044
2022-11-28,0.014912099384385055,-0.00663364484360863,-0.002667866896962745
2022-11-29,0.00028686786156143,0.012609838834976851,0.0022302020688407657
2022-11-30,0.0,0.0072593856309640945,0.0073050575644566925
2022-12-01,0.05392086410412543,0.008347994614106633,0.006642801660489664
2022-12-02,0.003139696524324915,-0.012021713255425023,0.0029376151181503022
2022-12-05,0.0111795752746853,0.01595926594198045,-0.003646673207157321
2022-12-06,0.0085350394621992,-0.00016296754149123827,-0.0039573354861342355
2022-12-07,0.0,-0.010604482937323512,0.0023144409724082937
2022-12-08,0.0,0.009444641161445435,0.000844628995688046
2022-12-09,0.0,0.01568222044251585,0.0011868838654282212
2022-12-12,0.006718348497120545,-0.009455743832930174,-0.002986699107743225
2022-12-13,0.0,0.002933145645349516,0.0047999578180248
2022-12-14,0.0,0.0044817231181240366,0.0014253442421470904
2022-12-15,0.0026409984995032247,-0.00664099211246358,-0.008792622795439221
2022-12-16,0.0036178557188921803,-0.005014241324364873,0.0018001964389410161
2022-12-19,0.0,-0.006125187122105605,0.0009986634393063646
2022-12-20,-0.004739693812969705,-0.016584865997702442,0.005402232332075838
2022-12-21,0.004315400056516045,0.001194019371806199,-0.00022371281720598183
2022-12-22,0.004891089413302615,0.0113416342062942,-0.0016511038505161244
2022-12-23,0.0,-0.005731507055944687,0.001225333078587571
2022-12-26,0.0,0.003689356689033057,0.0011901986205234568
2022-12-27,0.0,0.004340225014805464,-0.0015232921184613916
2022-12-28,0.001676244649717555,0.00047845132639904735,-0.0018585271762408288
2022-12-29,0.00802834638754928,-0.007389605485888736,0.0042149000845790215
2022-12-30,0.0,0.0024683446710455957,0.0039300296491388605
2023-01-02,0.0,-0.021432846656633576,-0.0008315511486397934
2023-01-03,0.00690466552794308,0.007973625085572181,-0.0029471467743547837
2023-01-04,0.0,0.003729343940838303,0.002099644850727263
2023-01-05,-0.0007211317894746899,0.008628812747218863,-0.0019057746655391757
2023-01-06,0.0,0.0011651055744340982,0.006288692821704977
2023-01-09,0.001258683356458365,0.011548622041348624,0.0051810503374042464
2023-01-10,0.0,0.0004792283382003727,0.00011961654343711265
2023-01-11,0.003987118102286455,0.005616085172489278,0.00019248336948849622
2023-01-12,0.0073981484705839,0.00311683657057967,0.006462436878395084
2023-01-13,0.00044924520912981,0.0024446533594018505,0.003618830900165197
2023-01-16,0.0,-0.000663938991386002,-0.0005507195738488901
2023-01-17,0.00887646307024175,-0.0004413428155463788,-0.000734657462233708
2023-01-18,0.00552628433455821,0.008470367627308104,0.00047596770486450654
2023-01-19,-0.00047043096692837995,-0.0035762058840604245,-0.00014667328774797816
2023-01-20,0.0,0.007095800970437693,0.0013758101952469576
2023-01-23,0.0,0.00811559529598088,-0.0006363282174441729
2023-01-24,0.007053535166679009,0.011950989248418746,0.0014384211791056525
2023-01-25,-0.00194213479250722,0.0017299768939813447,0.0018238319279516477
2023-01-26,0.01140614506268338,0.009569191473759073,0.0006149726037188895
2023-01-27,0.0,0.002743106979538938,-7.41300707758756e-05
2023-01-30,0.0,-0.007650654614629897,-0.00044138114047151145
2023-01-31,0.0,-0.0061365931920198255,-0.0011099304706346286
2023-02-01,0.0,0.007527309735857005,0.004878149688482759
2023-02-02,0.002580357540540745,-0.0024949939552881173,0.000922300690971686
2023-02-03,0.0,-0.0011902037363161813,-0.007934499019302977
2023-02-06,0.010071428335385555,-0.004377705726223465,-0.006181506043157279
2023-02-07,0.022131227453018053,0.001921087520066844,1.1619072539659214e-05
2023-02-08,0.00824422564281673,0.0029491040056805183,1.8838832997580823e-05
2023-02-09,0.0,0.0014700964459380549,6.413821392215923e-05
2023-02-10,0.0,-0.008327448964552342,-0.0018744448725616395
2023-02-13,0.0,-0.0030970300169677013,-0.0021580644599933667
2023-02-14,0.0,0.004410717326982123,-0.000230251608447504
2023-02-15,0.0,-0.006723089538348757,-0.00550506173685994
2023-02-16,0.008491221020313456,0.005580147104492276,-0.000356110663003723
2023-02-17,0.0,-0.006314692629135987,-0.002274071952041495
2023-02-20,0.0,0.0039879534004692175,0.0019188797168321842
2023-02-21,0.0077217205100891945,-0.002265381774408211,-0.0034792824851824274
2023-02-22,0.0,-0.011936842823415636,-0.0011401706214299438
2023-02-23,0.0,-0.002080147156132209,0.0013116721323669165
2023-02-24,0.00260768371833773,-0.0007757166263908505,-0.005813136222157219
2023-02-27,0.004484788210796645,-0.00722176618248231,-0.0014318050135812706
2023-02-28,0.0,-0.0025740250825420008,-0.00027596005912055124
2023-03-01,0.002914714837087945,0.011213333803474867,0.004591776770945638
2023-03-02,0.0,-0.003815119610214395,-0.002817305053621927
2023-03-03,0.0,0.005975759143381901,0.004116058940125153
2023-03-06,0.0038735795492984898,0.004349305996809197,-0.0021267864615088783
2023-03-07,0.0029323735455707898,-0.0013925831666266387,-0.006061948597286199
2023-03-08,0.0,-0.008113013990774612,-0.001640265445601555
2023-03-09,0.09398766196020283,0.0009892264484688985,0.00013357656156064537
2023-03-10,0.010721794253285741,-0.018808041883693446,0.0020288479109162568
2023-03-13,0.021081909222126934,-0.003249701869610685,0.0072810994246343555
2023-03-14,0.0,-0.022082916611018633,-0.0015562556849776264
2023-03-15,0.00440064854202391,0.008519031438025087,-0.002650847898678714
2023-03-16,0.000790038729452385,-0.011202875125447683,0.0017739704870017052
2023-03-17,0.0,0.015738066647399948,0.002730089420796737
2023-03-20,0.0,-0.01641909054392977,0.0021993230743285338
2023-03-21,0.00265481051380972,0.011313251989482244,-0.0010896014173047317
2023-03-22,0.0019876993040490497,0.014084349909757663,0.0023321863016220897
2023-03-23,0.00036831194385187,0.0021936338973339766,0.003771215440044268
2023-03-24,0.0,-0.0019633232002548664,-0.0012406456984245856
2023-03-27,0.0,-0.0018750249054552668,-0.0004388872405223535
2023-03-28,0.0,0.005411871237515019,0.002102587703112396
2023-03-29,0.002742814905473635,0.011051215990442417,-0.0030885716065516973
2023-03-30,0.0,-0.0025395239894202702,0.0015608471719306834
2023-03-31,-0.00074885908430149,0.00705348881097134,-0.0008054200449864854
2023-04-03,0.0034294470567195097,0.005164824305772729,0.001241561558931393
2023-04-04,0.009097323321623454,-0.0007261635811474291,0.0012202368089517903
2023-04-05,0.0,-0.009935831863227981,-0.0010306424102529384
2023-04-06,-0.00021197712271177498,-0.00753062969379159,-0.0009917870631227814
2023-04-07,0.0,0.0024403982397152336,-8.474125073051645e-05
2023-04-10,0.0,0.0056366588649415916,-0.0026879468709075445
2023-04-11,0.004100429217882145,0.011840418494448777,-0.0006886253734663874
2023-04-12,0.00551258507734841,0.0034657498992437335,0.0012439293576053214
2023-04-13,0.0,0.000135127563619304,0.004971319081544952
2023-04-14,0.0,0.003735949269599499,-0.0026045456217235197
2023-04-17,0.0,0.004613556900220524,-0.004233742638119073
2023-04-18,0.004271425192031525,0.0015209221228874288,-0.00032022674667709814
2023-04-19,0.0017124586365383052,-0.004205258063839999,-0.002417769334648606
2023-04-20,0.00282937324690653,-0.00038401350271152323,0.002447303331655508
2023-04-21,0.010936703141709095,-0.005388655571679211,-0.0014386274834211218
2023-04-24,0.0025051129640163297,-0.0007477859424722632,0.0002686084501657819
2023-04-25,0.000676741890893045,-0.008028858649988091,-0.0021994142660058543
2023-04-26,0.0,-0.0031632387123350174,4.876148253141199e-05
2023-04-27,0.0,0.0009117654952722983,0.0009605936315440943
2023-04-28,0.01533384134041047,0.009344940360452745,-0.001058984399999579
2023-05-01,0.0,0.006701634085734528,-0.0012698196923900799
2023-05-02,0.01764194018335711,-0.0026280101111426065,0.0012889985080755623
2023-05-03,0.0,-0.01104551282817088,0.0026825488002210174
2023-05-04,0.0,0.007675900989691312,0.0017100826053329874
2023-05-05,0.0,0.0038116312164479466,0.0018168529204890941
2023-05-08,0.0,0.00018535476177414204,-0.0004838608349289367
2023-05-09,0.00193373958653164,-0.00023252543074791154,-0.002732443513821191
2023-05-10,0.002409494915417065,-0.002353617366368148,0.0018760148664842546
2023-05-11,0.00362628557880241,-0.002149494988983246,-0.0033936990975548353
2023-05-12,0.0,-0.002389751694125627,-0.003915666394135825
2023-05-15,0.00461821160061033,0.005657828923550271,0.0002889957522667075
2023-05-16,0.01219038536692787,0.001216056982785092,-0.0022338024184560645
2023-05-17,0.0,-0.010116458035464312,-0.001471657916165517
2023-05-18,0.0,0.00695801336831276,-0.0019002116368331621
2023-05-19,0.03076600287200241,0.0012358501475662517,0.002347179358535779
2023-05-22,0.004273129945195684,0.004955886710216876,-0.0003892851297949494
2023-05-23,0.01756277009534627,-0.005434622151029611,-0.0023077947176139775
2023-05-24,0.0033244216221424553,-0.00799335156988704,-0.0019503803469425546
2023-05-25,0.00871361671351944,-0.008871776541808478,-0.00407974463273593
2023-05-26,0.0,-0.0009756695353466009,0.0020643394983002857
2023-05-29,0.0,0.0027241378228727727,-0.0001319405914131226
2023-05-30,0.008899383681869506,0.0012719024268774757,0.00021386908580336227
2023-05-31,0.008240609642757985,-0.015751020030085366,-0.0011709739224582405
2023-06-01,0.0,0.0005925566116385911,0.003401507874065134
2023-06-02,0.0,0.02097068945714375,0.000821338153490957
2023-06-05,0.00935314903575837,0.010744838019884398,0.0006274590794274362
2023-06-06,0.0,0.002232048189543873,0.00021928391425908198
2023-06-07,0.007059948061210035,-0.004152859571425931,-0.001307564695643304
2023-06-08,0.017092412968481924,-0.003186036763512148,0.0029863328422799432
2023-06-09,0.004857982021249935,0.007298820140769188,0.0008812868791393435
2023-06-12,-0.0014735707402243696,0.0037688569253642636,-0.0004730197348494881
2023-06-13,0.0,0.006710328392689711,0.001834421288433888
2023-06-14,-0.0019221155333777398,0.00578639840984438,-0.00023780883723763374
2023-06-15,0.0,0.005109274620864819,0.0024907374137825037
2023-06-16,-0.0007724772285746355,0.008005097233278214,-0.0016806636387834367
2023-06-19,0.0,-0.004942457799715244,-0.002224515146027718
2023-06-20,0.0054277352531361504,-0.005074646335723578,-0.002212316648041789
2023-06-21,0.008829243229815395,-0.003065208484091791,0.000626962739317535
2023-06-22,0.0,-0.0034578149690235294,-0.0026810983600868876
2023-06-23,0.009386311109657595,-0.01573690025956423,-0.0036984897564708223
2023-06-26,0.014753306366199339,-0.00042860189889869417,-0.000600247191142499
2023-06-27,0.016615758132549435,0.004310483268711239,0.0019430023867444564
2023-06-28,0.004509110869813475,0.011329623401684108,-0.002983697691746294
2023-06-29,0.005471683733181515,-0.0038528329273496663,-0.0019682661176451425
2023-06-30,0.01654678066548791,0.0012101580179774503,0.0019857373530347455
2023-07-03,0.00140174030211037,0.012991690823151276,0.0009521934563574217
2023-07-04,0.0,-0.002007976807180715,0.0022130992292455076
2023-07-05,0.01147878235294339,-0.004037717434193916,-0.0033467123474455363
2023-07-06,0.0,-0.011956023959435395,-0.0016207481610590298
2023-07-07,0.0,-0.01028358083346183,0.0034640062772677183
2023-07-10,0.0,-0.00037670362901794666,-0.0003732717832691397
2023-07-11,0.0,0.007026054193564086,0.003199674012613391
2023-07-12,0.0,-0.0012090831041024423,0.007391429484256387
2023-07-13,0.0,0.012168965022442756,0.006051836335394977
2023-07-14,-0.00754975292656123,0.003059809769939161,0.0002943224333738857
2023-07-17,0.00504813336449532,0.0008316016344976454,-0.0011364832023498855
2023-07-18,0.013629653080643645,-0.005689091013758078,-0.00023697632669480743
2023-07-19,0.00473436006012611,0.00462634826437704,-0.0022722719824408637
2023-07-20,-0.0011346508322460798,-0.004150315025650258,-0.0008610890426104169
2023-07-21,0.008644736124102775,0.00046809062346737576,-0.004175876992580455
2023-07-24,0.015577112041827254,-0.0008733073578533915,0.0011899577285838286
2023-07-25,0.012381596868251504,0.012976368854458197,0.0027588600243858463
2023-07-26,0.00791611822602507,0.0006464885212013055,0.0004708043253375664
2023-07-27,-0.0015562892574503399,0.010263381938664766,-0.0018219406344403505
2023-07-28,0.003849327161855245,0.00045229872131285684,-0.0025262134975641407
2023-07-31,0.005047431040654665,0.006090043283878495,0.0007959864026036282
2023-08-01,0.0285353730751986,-0.0005197502597648857,-0.004707224171602783
2023-08-02,0.0347100185503741,-0.015538055204691181,-0.004023480862660255
2023-08-03,0.0,-0.0078105057295388535,-0.00011241919604036573
2023-08-04,0.012931881087194069,0.0032658244517973067,0.000312029638561917
2023-08-07,0.012016146366692907,-0.0004965126630067011,-0.0022657470375231055
2023-08-08,0.01880900430682171,-0.00233680468016394,-0.003905388592123365
2023-08-09,0.005796889270188655,-0.0009655079522891361,0.0009906645293748769
2023-08-10,0.00791206907839466,0.004052533616086469,-0.0012019618674521495
2023-08-11,0.018761415472430473,-0.008721389622385556,-0.0034459727514046094
2023-08-14,0.0,-0.012171593086874247,-0.0033260854793573506
2023-08-15,0.010315175846832085,-0.0009490264985278905,-0.0015408086431553316
2023-08-16,0.007665126508394506,-0.011300546615103104,-0.0010813186980430758
2023-08-17,-0.0033174876468962796,-0.004141386699577742,-6.292933648942667e-05
2023-08-18,0.016292795824618324,-0.009156503076603194,0.0015480653357490776
2023-08-21,0.0,-0.005028213014102466,-0.0011804017027645765
2023-08-22,0.002326427848275045,0.0076083550322475465,0.00027550751826142176
2023-08-23,0.0,0.001372630343288675,0.003234309130354203
2023-08-24,0.00695078448077501,0.008157460915714412,-0.0014344238943735175
2023-08-25,0.03241064567241659,-0.009579377926275601,-0.0005154207925236465
2023-08-28,0.00448464304990674,0.00900179944165652,-0.00029264894852842893
2023-08-29,0.00450139870474479,0.009506372519843105,0.0025843741126020795
2023-08-30,0.014592291762135463,0.0007902217801236297,-0.0005479486661377916
2023-08-31,0.006081302657514024,0.002701448980397505,0.000844410365059798
2023-09-01,0.0,0.0032746083042584193,-0.0007806742706396182
2023-09-04,0.0,0.011479559935291359,-0.0005082565480734047
2023-09-05,0.0,-0.004920714340468711,-0.00477683388485847
2023-09-06,0.00243934147959356,0.002898238133293761,-0.001374132581569921
2023-09-07,0.0,-0.008805376421633662,-0.00019450796901569628
2023-09-08,0.0,-0.007077449144014909,-0.0003490154526508592
2023-09-11,0.0,-0.0011610937406087037,0.003726005222053201
2023-09-12,0.0,0.006490020375632256,-0.0004847691987481806
2023-09-13,0.0151249544561049,-0.0015499110361587335,-0.0004384800731751414
2023-09-14,0.0,0.00633478700592585,7.275023315125104e-05
2023-09-15,0.0022731841251935198,0.0078756508761316,-0.0005660196921529243
2023-09-18,0.0,-0.009849969196559791,0.00016279943819740397
2023-09-19,0.0,-0.0004385404967141811,-0.0010476722477498605
2023-09-20,0.0,-0.009047103719298299,0.00011487984433128877
2023-09-21,0.0,-0.009776905319166125,-0.001629634340616541
2023-09-22,0.0,0.006267489853569252,0.000719050622097327
2023-09-25,0.002056246898610265,-0.0044537248573599765,-0.0013283001855409155
2023-09-26,0.0,-0.009976186168441805,-0.003144855127622243
2023-09-27,-0.002184598759653995,0.0023936754993642327,-0.0017195834492937732
2023-09-28,0.0,-0.02402638758822404,0.0029591830481893178
2023-09-29,0.0,0.005350285970774845,0.00041774571062268664
2023-10-02,0.00296141454071658,-0.003377757421796148,-0.0034188589407666862
2023-10-03,0.0,-0.022258684053372,-0.0011876781376109228
2023-10-04,0.0,-0.015814574454105525,0.0007331661778506456
2023-10-05,0.013127705854049454,0.008387761343117278,0.002130022965801771
2023-10-06,0.0,0.0044856922139635364,0.0006275428469096092
2023-10-09,0.0,-0.002777429799926106,-0.0006775622116792602
2023-10-10,0.0017045685293283048,0.010628068485897901,0.0009945651018534426
2023-10-11,0.09710018260672987,0.004317959629583311,0.0002491826993272772
2023-10-12,0.0033598754574820353,0.012254584436505253,-0.003247026555580462
2023-10-13,0.0294581376246205,-0.014295174751157779,-0.000775543526118164
2023-10-16,0.0,-0.012032367346178265,0.0008603820114927743
2023-10-17,0.00148064480593725,0.005574678152982438,-0.0008331976552050848
2023-10-18,0.0164157936243522,-0.0029951066838546946,-0.001373292388424672
2023-10-19,0.0,-0.013681200027512847,-0.000631762853788843
2023-10-20,0.0,-0.005604523633738961,-0.00012321631874382096
2023-10-23,0.0,-0.007933151847504361,0.0005094698850254365
2023-10-24,0.0,-0.00021985836427851734,0.0008752297341792351
2023-10-25,0.0,0.005235413871057422,-0.0021927798466633386
2023-10-26,0.002251349947381735,-0.00886828712066533,-0.0007012126300428578
2023-10-27,0.020843923229948123,0.012713356025657065,0.0002890424577447178
2023-10-30,0.0,-0.007655211483544869,0.0031861082375741075
2023-10-31,0.0,-7.392917687266456e-05,-0.00338456844127029
2023-11-01,0.0,0.008511535312457895,0.0015376350561149782
2023-11-02,-0.000734573529153695,0.007544040309743572,0.0031969764151108626
2023-11-03,0.0,0.018934089568068756,0.007361241267314139
2023-11-06,-0.021772526320322855,0.019622960834956397,0.0035759802554160658
2023-11-07,0.00053890517007221,-0.012672944154470232,-0.003104458363163491
2023-11-08,0.018224930773086283,-0.004651938828889679,-0.0014293289143301998
2023-11-09,-0.016555594748070786,0.0031773745130936654,-0.0022346050858647855
2023-11-10,0.0,-0.007734597986786285,-0.0006279283043438832
2023-11-13,0.0,0.003917097660327193,-0.00021804622913130183
2023-11-14,0.0,0.004247604279312385,0.005608600484400019
2023-11-15,-0.003394722040713499,0.022163997897682208,0.0019157717564771894
2023-11-16,0.03778079589815646,-0.007915991835073096,0.0009061247316378897
2023-11-17,0.001965070762296145,-0.0014838979931579158,0.002817702349733896
2023-11-20,0.04142171439645883,0.00231785931467239,0.004252188134461851
2023-11-21,0.006654834880339985,0.0005625793841678255,0.00042242089322319654
2023-11-22,-0.00084981015272248,0.001675278853477121,-0.0038094862618052376
2023-11-23,0.0,0.012205845644023166,0.0006880883937236757
2023-11-24,0.002186238409734,-0.0036933999730783995,-4.3423903979670925e-05
2023-11-27,0.0,-0.0050687568666239,0.002187363557893628
2023-11-28,0.0097948293639233,-0.0024266603763156845,0.0036604164970305175
2023-11-29,0.003704102900157865,-0.007607210230891978,7.222027150721733e-05
2023-11-30,0.0,0.0012318415509735487,-0.0029637870467770725
2023-12-01,0.003517806662698835,-0.002041648931859554,0.00264806661354753
2023-12-04,0.00365985265767182,-0.0035806565989850293,-0.0025898082286435905
2023-12-05,-0.000765926553185285,-0.010406793930590972,-0.0019162482015661973
2023-12-06,0.0,0.014798373325146167,-0.00022353796848107908
2023-12-07,0.0,-0.007826114970380731,0.003275310670331327
2023-12-08,0.0,-0.008518782855642745,-0.001674646631633404
2023-12-11,0.0,0.004295326113157722,-0.0021379434302781675
2023-12-12,-0.00863368766295117,0.003048258656466361,0.0006278567876374879
2023-12-13,0.0031786438293615596,-0.005068789317008171,0.0018090382320163508
2023-12-14,0.008708983592319735,0.004076529575931856,0.007353937131759025
2023-12-15,-0.0016812742050960547,0.013777194056741871,-0.0014832705454092593
2023-12-18,0.0,-0.0036368560285126254,-0.0015310811751719675
2023-12-19,0.0,0.002264785225603284,0.0010096982519144572
2023-12-20,0.060689286494607995,0.004755824181997724,-0.0003119908396495109
2023-12-21,-0.04375707687444833,-0.004290149948031627,0.003436231013166187
2023-12-22,0.003011968867190685,-0.0033657770233380385,0.001107104422304328
2023-12-25,0.0,-6.441951421234033e-05,-2.115741728544754e-05
2023-12-26,0.005859752972204635,-0.000775793761040777,0.0007091512725713885
2023-12-27,0.003429642639160635,0.01215965388137476,0.001332287678494743
2023-12-28,0.0050082099399119204,0.0014322431376254763,0.001765747713580825
2023-12-29,0.001031350073261915,0.0007132707538849628,0.0006265043066234463
2024-01-01,0.0,-0.003948052803230295,0.00010716058237407329
2024-01-02,0.0,-0.0025696860161193865,-0.005339837403025168
2024-01-03,0.0,-0.010395797454128365,-0.002279908483528013
2024-01-04,0.0,0.0028999334797640683,-0.001798282591319826
2024-01-05,0.0,-0.0011904865616615308,0.00018856594175764574
2024-01-08,0.0,-0.01219853018237345,0.0005905024881445176
2024-01-09,0.00018495934392847002,0.004697333513548619,-0.002496150162014543
2024-01-10,0.008004599695834764,0.0023698473088852555,-0.001349637744218025
2024-01-11,0.0,0.0064906067231285235,0.001014667985572401
2024-01-12,0.0,0.002135550511572345,0.0004985174360248641
2024-01-15,0.0,-0.00020659465515815488,-0.002289138822407898
2024-01-16,0.00563884055208244,-0.010862654633462981,-0.00580599626838919
2024-01-17,0.0,-0.01861208160165816,-0.002716830653308663
2024-01-18,0.008544265666937615,0.0001361692712256031,0.0010954963842824128
2024-01-19,0.007847716076717314,0.0009905167982283663,0.0013034448961372876
2024-01-22,0.004179947279929785,-0.005183352098924172,-0.0013659524840758637
2024-01-23,0.0014396720391185243,0.007642392587140303,0.00014423521436970142
2024-01-24,0.016106303592831668,0.009751968818746676,0.00097099852567291
2024-01-25,0.006123056821158345,0.0027217595377512804,-0.0017366567586416728
2024-01-26,0.010122112835678855,-0.00863840984263387,0.00015835758279770693
2024-01-29,0.018335704255206968,0.006394242263981776,0.0010933130025888784
2024-01-30,0.0,-0.008926155864478627,0.0006161823957027135
2024-01-31,0.001128351445619585,-0.001415206779488304,-0.0005249417410923198
2024-02-01,0.0,-0.002617685934821611,0.0014407353120212281
2024-02-02,0.011771898226107375,0.004056583074040973,-0.002520848282493569
2024-02-05,0.0,0.00029768118689700243,-0.002350673223858896
2024-02-06,0.00128043978579936,0.00550361094404517,0.001831981783175502
2024-02-07,0.011352903387825065,0.001272072639103689,0.0005908760552758675
2024-02-08,0.00343722021294302,0.0037908516600688824,-0.0017218959262049244
2024-02-09,0.0,-0.006568391962752933,0.0007357096857988657
2024-02-12,0.0,-0.006678637505623905,0.000578392267190788
2024-02-13,0.012355828691551034,0.01158284367234221,-0.0038996239701281884
2024-02-14,0.006824848987014941,-0.005048931012908555,0.0013773434946092835
2024-02-15,0.0,0.005386881469080878,0.0016267217265813635
2024-02-16,0.00107908353784163,0.01903215963576778,-0.0004459068719500586
2024-02-19,0.0,-0.0019328043790636433,-0.0004493661145646573
2024-02-20,0.0,0.0011975165058599703,0.00011289816078341453
2024-02-21,0.007457714388106595,0.0040792724058365815,0.00011793322170588534
2024-02-22,0.00012976525420411514,0.008707226387615546,0.0012230548474527557
2024-02-23,0.0,-0.003235247783741995,-0.0009379902509137187
2024-02-26,0.003155678590656525,0.001868261094319254,-0.0006217383114747985
2024-02-27,0.01965977748041606,0.0015533524640914164,0.0002280999171959271
2024-02-28,0.008040210902725279,-0.002123576144962337,-0.0022125843572954936
2024-02-29,0.03391827161256578,0.002363930209387773,0.001034941241835674
2024-03-01,0.002289928377049285,0.006847252509825572,0.0009879687653883745
2024-03-04,0.0,-0.0008852734106733258,0.0001071243766948913
2024-03-05,0.012888536041505555,-0.008156205265010827,-0.00045776443930628015
2024-03-06,0.0,0.006464247361710321,0.0029019636955796417
2024-03-07,-0.004334941826317955,-0.0002744244888451203,0.0036570176222324624
2024-03-08,-0.016470579642226278,0.005615606643825989,0.0025424417855252775
2024-03-11,0.0,-0.0034657038795075073,0.0008190628075858938
2024-03-12,0.010940247704973729,0.010997777435873067,-0.0003186310062708813
2024-03-13,0.00479595758040619,-0.0011744605134274028,-0.0007523805182736432
2024-03-14,0.00111242114174903,0.005638264165091561,-0.0024149549672320063
2024-03-15,-0.00085826753070942,-0.003921953190167122,-0.002034370734373009
2024-03-18,0.00557212617028515,0.010320096469287391,-0.0016976450555899923
2024-03-19,0.0,-0.00013929181130186723,-0.0030320547308557914
2024-03-20,0.008070184330440584,-0.002110255074165005,0.0003599782328301826
2024-03-21,0.0,0.012560592568097334,-0.00039999294667314444
2024-03-22,0.00083831524000777,-0.007131645642429355,-0.004098754516417694
2024-03-25,0.003402893870007445,-0.007148041985574021,0.0019181118021571236
2024-03-26,0.00643546349539582,-0.0005615969113779613,-0.0005792786292534234
2024-03-27,0.002149592322269665,-0.0005949172085910051,-0.0013115677275316242
2024-03-28,0.002263312894025135,-0.01092543984463632,-0.0006595193473170159
2024-03-29,0.0,0.006443862753814262,0.0010192992227824528
2024-04-01,0.0,-0.00615896382874069,-0.002125801891660541
2024-04-02,0.000876447724686765,0.004457838619244551,-2.4299266446617647e-05
2024-04-03,0.0,-0.007069458759042322,0.0008456514919826595
2024-04-04,0.0,0.008645688929257366,0.0004669521899109862
2024-04-05,0.07289770616222674,-0.007829795213693027,-0.00034799947379481435
2024-04-08,0.0,0.006326055424045073,4.177647520933999e-05
2024-04-09,0.07019149357833158,0.008739571867965017,0.001118183724026591
2024-04-10,0.02349456348650154,0.00392511787448853,-0.004656021562826387
2024-04-11,0.00084226708604653,-0.0038313707060469134,0.00019367541994456822
2024-04-12,0.014424722159394124,-0.004666027397740301,-0.0035951481075999566
2024-04-15,0.003975844810071245,-0.007677686437637189,-0.00216992384233253
2024-04-16,0.0,-0.01871753795021166,-0.003970304599186378
2024-04-17,-0.0016066400064551252,-0.007192612518132432,0.0011238058872279253
2024-04-18,0.02330055359455622,0.006099117841714662,-2.887233570521412e-05
2024-04-19,0.03298784860228103,-0.013183946629289301,-0.00039330979736816975
2024-04-22,0.0012092235218651198,0.015581656360190942,-9.817264423466805e-05
2024-04-23,0.0,0.0055121358160151075,0.0011577200990007656
2024-04-24,0.00084069233782236,0.012730843428339777,-0.0003039164646035526
2024-04-25,0.007110833503948015,-0.0074520437952718946,0.0005031595908365368
2024-04-26,0.013967202671746028,0.008515957545934295,-0.002081536477410172
2024-04-29,0.0,0.01332660880294469,0.002275075944820883
2024-04-30,0.004090481788098866,0.007239887763790935,-0.0038499423032611487
2024-05-01,0.014806128294801024,-0.005461908920183603,0.0036562258255373433
2024-05-02,0.0,0.005180316474335999,0.003913618871781089
2024-05-03,0.0,0.009774924874308798,0.0038889693358994597
2024-05-06,0.01520979581897792,0.0054620821943968285,2.453125545387458e-05
2024-05-07,0.012088516263052535,0.002751851231223976,-0.00194734932111114
2024-05-08,0.00175902445968836,-0.00953692090848707,-0.0013092983476326945
2024-05-09,0.0,0.005772416346279833,0.0007436489431099243
2024-05-10,0.0045435581703272354,0.009133468552977081,-0.0012110737033475185
2024-05-13,0.004590143218304925,0.0017182992636789137,-0.0003897676298953283
2024-05-14,0.01122502523591299,0.0025406168877625222,0.0005686411449218029
2024-05-15,0.0057824218145038605,-0.0051131646849612335,0.005298265816387613
2024-05-16,0.006031163366505741,0.006224800180245903,0.0005154122761018565
2024-05-17,0.00226318289138689,0.0015777269256487063,-0.0006113529115744567
2024-05-20,0.01416107605263479,0.0076052030359418125,-0.0020361994175324746
2024-05-21,0.0,-0.01055546985835813,-0.0011033014262288108
2024-05-22,0.01034944840753722,-0.0019352861089516843,-0.0010113978921568532
2024-05-23,0.020569994602667636,-0.003888651965487022,-0.0009907492166545406
2024-05-24,0.0,-0.011294111994197506,0.0005101738040066921
2024-05-27,0.0,0.006784577555635894,0.000968156049002517
2024-05-28,0.0,0.001128562770148799,-0.00042552956350075643
2024-05-29,0.004160006679172115,-0.010631823782695766,-0.003567226420925612
2024-05-30,0.0,-0.006716376456326094,4.462664186369566e-05
2024-05-31,0.006042246137777015,0.0061199861613600165,-0.0010844583753416065
2024-06-03,0.016214006971692615,0.012283426289986353,0.0030527377952583663
2024-06-04,0.0,-0.0004138875744818082,-0.0005279942994126576
2024-06-05,0.0,-0.007589724553726877,-0.00047342750609276465
2024-06-06,0.0,8.601744313691468e-05,0.001336945467757836
2024-06-07,0.004758262297620855,-5.787990027532219e-05,-0.0032971673559459643
2024-06-10,-0.00010841793852886499,0.002796550230625817,-0.0003846600917233222
2024-06-11,0.0,-0.007770230493211481,-0.0005718418310925404
2024-06-12,0.01131964719440209,-0.007858227891646542,0.0026076950482280385
2024-06-13,0.0,-0.0020794147586607964,-0.001386835488749627
2024-06-14,-0.000473453555963905,-9.27762786832237e-05,-0.0021553181304199347
2024-06-17,0.0,-0.013296741605433583,0.0001309555692845521
2024-06-18,0.0,0.002973364683312691,0.001070778507594597
2024-06-19,0.0,0.006121353014581629,1.0928740253879354e-05
2024-06-20,0.008368942767708203,-0.003029487573496947,-0.0025870141452963543
2024-06-21,0.022356463839500317,-0.0027021040711766044,-0.0005564058766299628
2024-06-24,0.002673182654374735,0.0013808996355198205,0.001146340568481649
2024-06-25,0.0,0.008344143926599408,-0.0006509399959223616
2024-06-26,0.00884307449769222,0.0012459928020256044,-0.002008708995567417
2024-06-27,0.0,-0.013278898055868953,0.0007444576039160499
2024-06-28,0.0,0.0008083181656142336,0.00161390536462357
2024-07-01,0.007765901977525605,0.0022743709412262367,-0.0008328228435591021
2024-07-02,0.006516779904355891,0.0011622898158088499,-0.00099031351488516
2024-07-03,0.0,0.0075170040726685655,0.0007167734893173329
2024-07-04,0.0,0.006527070540383812,0.002194951365736139
2024-07-05,0.0008151069838559999,-0.0037392316593705985,0.0015588347537047137
2024-07-08,0.00849436234022248,-0.006761171368022889,-0.0008590429207797421
2024-07-09,0.14344710031754565,0.005633943329928626,-0.0003899686074005724
2024-07-10,0.07493303208208305,-0.000606438528514115,0.00041925810621854724
2024-07-11,0.010563042558191566,0.014557211686610465,0.004282584798477803
2024-07-12,0.0,0.005190044927713999,0.001057306386803115
2024-07-15,0.00122282082657307,-0.0069532974466066984,-0.002064703189508284
2024-07-16,0.0,-0.0014593850004692532,-0.0004606518226199861
2024-07-17,0.1281608300119585,0.006363206108076733,0.002682398418228704
2024-07-18,0.00119264336563872,-0.004308804644353549,-0.0024277656242809005
2024-07-19,0.00507751524734258,-0.008724680550876536,-0.002020328066131323
2024-07-22,0.0,-0.004215917853117656,-0.0002607018986669636
2024-07-23,0.0,-0.002340998474530237,0.0007046621009121749
2024-07-24,0.00188857674807086,-0.009547679508338005,0.0009778426589510771
2024-07-25,0.0,-0.0174293994966059,-0.00024617696728355325
2024-07-26,0.022127063007439354,0.0015665867954674825,5.294921347034152e-05
2024-07-29,-0.00230159676516047,0.011298040875227408,-0.00036493304225367187
2024-07-30,0.004432677189615325,-0.00887691898968475,0.0009308419591954508
2024-07-31,0.002901607780533515,0.011593000302657593,0.005171375089643887
2024-08-01,0.00068330404963708,-0.01521141493324741,-0.00019925217476980293
2024-08-02,0.003452416591870825,-0.034998846249176825,0.0071931169518125926
2024-08-05,0.006807233917480721,-0.06431960349527475,0.0025254021871667616
2024-08-06,0.00566245787443382,0.039693236570991636,-0.0016594674575820837
2024-08-07,0.01798064431590289,0.014623622936895604,-0.0010411064188614089
2024-08-08,0.0029047710033339802,-0.005165067341951986,0.0031864252656880806
2024-08-09,0.009381856507797685,0.006453954713204702,0.001914392663325301
2024-08-12,0.0076671188492619755,-0.0017869903061369717,-0.0014778138154704584
2024-08-13,0.0032298773386608844,0.010170793312650627,0.0038466312711479367
2024-08-14,0.006256681584924095,0.0044421193896480955,0.0015822868576490007
2024-08-15,0.00737226418727892,0.003851824712743324,-0.003641888551474656
2024-08-16,0.03019108158475403,0.017938435541322725,0.004579403794465107
2024-08-19,0.0,-0.003906389711163652,0.006772889350991074
2024-08-20,0.01811767557282827,0.008734269091504918,0.002684332140185284
2024-08-21,0.0,-0.002548039389699261,-0.0009721270277007653
2024-08-22,0.000863847678449755,0.004806708120306118,-0.002780291311108089
2024-08-23,0.010217772488308236,0.000592930083071334,0.005876125033413726
2024-08-26,0.0,0.002793107797811717,0.00045283449707140215
2024-08-27,0.0057166705594309045,0.006047179178227844,-0.0002541477814757907
2024-08-28,-4.702559699607985e-05,-0.003477809479865272,-0.0009350619920139151
2024-08-29,-3.0029114667375e-05,-0.0017934794798263954,0.0016448038402590319
2024-08-30,0.0,0.00823259544464086,-0.002359851402501198
2024-09-02,0.0,-0.004637889974744467,-0.002243023879247322
2024-09-03,0.006875108311338915,0.003867554176027566,-0.0008970328953191518
2024-09-04,0.0,-0.021321859103559285,0.0027058775851359126
2024-09-05,0.004842726183499915,0.0004539556508406039,0.0027376307989904454
2024-09-06,0.0,-0.004577652736086476,-0.0006477946318977811
2024-09-09,0.0,-0.006695388900436739,-0.003310116552737971
2024-09-10,0.0,-0.0035478394011152856,0.0006142653762985153
2024-09-11,0.0,-0.010302424693670232,0.0019698145700157003
2024-09-12,0.0,0.017062249862731606,0.0009987282118975442
2024-09-13,0.011555837805005789,-0.0016366668297125055,0.003050982049580239
2024-09-16,0.0,0.0035612212854686555,0.0021341830829193294
2024-09-17,0.017001154793074798,0.0035139522639751064,0.0003954279655042914
2024-09-18,0.0,0.0016505990930953164,0.0005060383046910518
2024-09-19,0.004606513103443965,0.015431053953168992,0.0022708280550191432
2024-09-20,0.0,0.012106767145988432,-0.0004327833504390487
2024-09-23,0.00463953198676056,-0.006133606539829978,-0.000537922945671777
2024-09-24,0.002843855752530545,0.016459102948886785,0.0036024486706501117
2024-09-25,-0.00700629392973672,0.0007898700494759027,-0.00183961143350573
2024-09-26,0.00640743215330178,0.028274596355340027,0.00338530075770775
2024-09-27,0.009598811033729114,0.010430303809020216,0.00298960576499797
2024-09-30,-0.005832080275530474,-0.0038613360156698373,-0.002375310118806277
2024-10-01,0.02727768614933417,0.008600316794003386,-0.0030472643874723715
2024-10-02,0.12484827430704463,0.017219204663784946,-0.002690443387456559
2024-10-03,0.0,-0.0034466190780469827,-0.0046849984823908305
2024-10-04,0.0,0.010208631907827805,-0.0039391088137696465
2024-10-07,0.01686262393626079,0.016521258379684222,-0.002891916995046681
2024-10-08,0.0,-0.03544327815126195,-0.0005862221502444077
2024-10-09,0.002638638845983805,-0.006063273403387521,-0.0022219412027195077
2024-10-10,0.04437572994443008,0.010439245163904853,-0.00025092917882442065
2024-10-11,0.004883845501300485,-0.0022783820230734835,0.001193186069490936
2024-10-14,0.01616867861148478,-0.004594819413610296,-0.0021906944068645806
2024-10-15,0.008965740001977014,-0.008722217323492463,-0.0020607084822111214
2024-10-16,0.0,-0.003938478332146732,-8.671268883408967e-05
2024-10-17,0.01318789434349214,-0.00506412616278751,-0.0007515707087053413
2024-10-18,0.010334470842775504,0.008015557775330907,0.0023002700096463173
2024-10-21,0.0,-0.0041796680935556945,-0.0034350823052701814
2024-10-22,0.004079183598280215,-0.006699760998243033,-0.0007549132889790311
2024-10-23,0.010705000868717356,0.000636177818969239,-0.003484553753434291
2024-10-24,0.02098025870385289,-0.007486120085440396,0.0016416867706256046
2024-10-25,0.008804776809751901,0.0010204407107515998,-0.002807634593474904
2024-10-28,0.0,0.009805658116117675,-0.0011469497068917049
2024-10-29,0.04480798680688568,0.004282110928922666,-0.0010558370001472195
2024-10-30,0.0030917453671293503,-0.0026666478967562507,0.001417461392814734
2024-10-31,0.0,-0.002419418196653959,0.0013930696631214408
2024-11-01,0.005437858296121039,-0.007932357634756934,-0.002191781627707723
2024-11-04,0.0,0.0026895151134499135,0.001971404411896754
2024-11-05,0.0,0.011525411601809895,0.0017729940559161833
2024-11-06,0.0,0.002904984064182783,-0.010137410989028177
2024-11-07,-0.0005372167492145946,0.0073009392762022635,0.0074443405937791455
2024-11-08,0.01021933505579778,-0.001982067369874946,-0.0032745775376621378
2024-11-11,0.0,-0.006321256564913669,-0.0032290135937916853
2024-11-12,0.003343837569615955,-0.0092396838638147,-0.00345023724014855
2024-11-13,0.006944172348697125,-0.007879675833929902,-0.001599735786049792
2024-11-14,0.0,-0.008403914470614412,-0.002901119823095791
2024-11-15,0.014142093512158926,0.00039169051904409697,0.002743330251335915
2024-11-18,0.03372217392160363,0.0005292861374908809,0.0008989559506641779
2024-11-19,0.00149645903750286,0.008644439628193721,0.0006252818724791624
2024-11-20,0.017704093138359474,0.00027984330859156853,-0.002428766150003829
2024-11-21,0.0,-0.004364648906326686,1.888306176083871e-05
2024-11-22,0.0,-0.001893882180897213,-0.0003741816843860263
2024-11-25,0.0030500151930746297,0.002654623845389391,0.0016575980588211324
2024-11-26,0.00427217219910637,-0.004597136015419398,-0.0003901337578341738
2024-11-27,0.007533648973215521,0.0009101644379504137,0.0030948594498775395
2024-11-28,0.0,-0.0031633551648227397,-0.0007399913360111436
2024-11-29,0.0,-0.0008714240378452488,0.0019730298817339383
2024-12-02,0.021931688298367717,0.008373544657505456,-0.0031511104555837044
2024-12-03,0.021046838208054468,0.009611096917200967,-0.0005834801758382226
2024-12-04,0.0008313004384695001,-0.0033621400858859078,0.0003745588173778418
2024-12-05,0.0,-0.0013769831872698236,0.0026377123647683865
2024-12-06,0.023225154095545274,-0.00025229380687236434,-0.0018152626356236238
2024-12-09,0.0,0.009234382859833726,-0.0007031340486900966
2024-12-10,0.01610804993421108,0.0026875018787181535,-0.0020626830228671826
2024-12-11,0.009552844610939904,-0.002982255034401035,-0.001090660727135595
2024-12-12,0.009081032101814745,0.005115420984088542,-0.0006344032346688506
2024-12-13,0.00397224078878428,-0.00901163498043329,-0.002301299267351292
2024-12-16,0.0,-0.005550203113008608,-0.0009135603595675779
2024-12-17,0.015642142640717664,-0.006748607888925594,-0.0011022281192626987
2024-12-18,0.01312496030763079,0.0029451142421960024,-0.0050489671673492505
2024-12-19,0.0,-0.009186051403816882,-0.002724707844420804
2024-12-20,-0.0005028994943847412,-0.003627664472809395,0.0023316710346394025
2024-12-23,0.0349429892406437,0.008248223102020674,-0.0005651910198940311
2024-12-24,0.0,0.003126317909899458,-0.0007476981875277243
2024-12-25,0.0,0.0012026682649511223,-0.00013703492263097215
2024-12-26,0.027967490616373915,0.007342267786987387,-0.00021071351502759
2024-12-27,0.008605642790104884,0.005648262404500834,-0.000627555108942907
2024-12-30,0.011384706518939436,-0.004900791991598133,0.001505362116917299
2024-12-31,0.03209794779422019,0.0012798752849992844,-0.001998166858436598
