date,rolling_sharpe_252d
2021-01-05,
2021-01-06,
2021-01-07,
2021-01-08,
2021-01-11,
2021-01-12,
2021-01-13,
2021-01-14,
2021-01-15,
2021-01-19,
2021-01-20,
2021-01-21,
2021-01-22,
2021-01-25,
2021-01-26,
2021-01-27,
2021-01-28,
2021-01-29,
2021-02-01,
2021-02-02,
2021-02-03,
2021-02-04,
2021-02-05,
2021-02-08,
2021-02-09,
2021-02-10,
2021-02-11,
2021-02-12,
2021-02-16,
2021-02-17,
2021-02-18,
2021-02-19,
2021-02-22,
2021-02-23,
2021-02-24,
2021-02-25,
2021-02-26,
2021-03-01,
2021-03-02,
2021-03-03,
2021-03-04,
2021-03-05,
2021-03-08,
2021-03-09,
2021-03-10,
2021-03-11,
2021-03-12,
2021-03-15,
2021-03-16,
2021-03-17,
2021-03-18,
2021-03-19,
2021-03-22,
2021-03-23,
2021-03-24,
2021-03-25,
2021-03-26,
2021-03-29,
2021-03-30,
2021-03-31,
2021-04-01,
2021-04-05,
2021-04-06,1.3713429568057833
2021-04-07,1.4778989907310802
2021-04-08,1.183960090508908
2021-04-09,1.1621021562393463
2021-04-12,1.498362347059371
2021-04-13,1.6897474748643986
2021-04-14,1.7386266090578635
2021-04-15,1.0308223360837916
2021-04-16,0.911079896409898
2021-04-19,1.004398704238375
2021-04-20,0.981062424077687
2021-04-21,0.9255263199430593
2021-04-22,0.9742518306826985
2021-04-23,0.9933144004292838
2021-04-26,1.0730490242897879
2021-04-27,1.6796874937363147
2021-04-28,1.7261448831437203
2021-04-29,1.7552729796512587
2021-04-30,2.0323791241922713
2021-05-03,1.7947736267296812
2021-05-04,1.9352538711058278
2021-05-05,2.087602072441513
2021-05-06,1.9909670329853941
2021-05-07,2.139959017708244
2021-05-10,2.189340823741364
2021-05-11,1.8676063839698085
2021-05-12,1.987434654681683
2021-05-13,1.9756085931727796
2021-05-14,1.829433785752138
2021-05-17,1.8195209865378243
2021-05-18,1.7190703427907206
2021-05-19,1.8050561335304
2021-05-20,1.8177506821373866
2021-05-21,1.832680570260953
2021-05-24,1.7629974319146844
2021-05-25,1.7487856153407293
2021-05-26,1.7516269888170835
2021-05-27,1.7399487879541973
2021-05-28,1.8455399969399215
2021-06-01,1.8585685467944324
2021-06-02,1.704684234415246
2021-06-03,1.6903241149789918
2021-06-04,1.7031119411917057
2021-06-07,1.6140748355601235
2021-06-08,1.7411363268695819
2021-06-09,1.7514311690058686
2021-06-10,1.7256384292938618
2021-06-11,1.770607045981823
2021-06-14,1.7529861173318833
2021-06-15,1.7294892481855855
2021-06-16,1.6483767460471175
2021-06-17,1.635948268871704
2021-06-18,1.7389612513846782
2021-06-21,1.8479986987381525
2021-06-22,1.5542582953350499
2021-06-23,1.4450487076801661
2021-06-24,1.514413644439705
2021-06-25,0.5297450098326121
2021-06-28,0.9812300164573581
2021-06-29,1.0658795767086955
2021-06-30,0.9522909941484021
2021-07-01,0.9091776515338145
2021-07-02,0.930854411356922
2021-07-06,0.84406443840057
2021-07-07,0.925077215458441
2021-07-08,1.2263356114722577
2021-07-09,1.2210229374519723
2021-07-12,1.0483892722124004
2021-07-13,0.9445380263825899
2021-07-14,0.8828201073398027
2021-07-15,0.6249397282256037
2021-07-16,0.7171670766810216
2021-07-19,0.899838547907466
2021-07-20,0.8718070406201432
2021-07-21,0.8643946897023536
2021-07-22,0.9010918299068746
2021-07-23,0.8630206274497849
2021-07-26,0.8596701191690309
2021-07-27,0.8357891685331608
2021-07-28,0.845139548444212
2021-07-29,0.8917277503353049
2021-07-30,0.9824665156468427
2021-08-02,0.8447193148217393
2021-08-03,0.8061491069914023
2021-08-04,0.8165507590979673
2021-08-05,0.756340147921628
2021-08-06,0.7593665026014035
2021-08-09,0.7572939242110266
2021-08-10,0.7944685808964814
2021-08-11,0.7148865480695662
2021-08-12,0.7438962018414322
2021-08-13,0.8275299332545758
2021-08-16,0.8370280689573707
2021-08-17,0.822179629657949
2021-08-18,0.7998078676392901
2021-08-19,0.8573989793699786
2021-08-20,1.0300696810002101
2021-08-23,0.4229584695475696
2021-08-24,0.5196593381391771
2021-08-25,0.5303032135182263
2021-08-26,0.5410869044244169
2021-08-27,0.5122563756051564
2021-08-30,0.5343229351729667
2021-08-31,0.5599440057542734
2021-09-01,0.5371367812196172
2021-09-02,0.5725615260853534
2021-09-03,0.6300017343378129
2021-09-07,0.5014626526781698
2021-09-08,0.5770428922755356
2021-09-09,0.5399911021942784
2021-09-10,0.5289525319904421
2021-09-13,0.6369879469928522
2021-09-14,0.5417552412572595
2021-09-15,0.5019672010360262
2021-09-16,0.47844281384002185
2021-09-17,0.46561916935502273
2021-09-20,0.7624058399687552
2021-09-21,0.7575640812070994
2021-09-22,0.7610458967823691
2021-09-23,0.7589589960650637
2021-09-24,0.8069866907120419
2021-09-27,0.832098039236392
2021-09-28,0.8398221748955286
2021-09-29,0.8289378095146481
2021-09-30,0.7317520259753383
2021-10-01,0.7185398828247019
2021-10-04,0.744174228309067
2021-10-05,0.6265005759379504
2021-10-06,0.760175545319881
2021-10-07,0.7362617175401778
2021-10-08,0.691125106904485
2021-10-11,0.7031372588635711
2021-10-12,0.7733509570035904
2021-10-13,0.771381049065394
2021-10-14,0.7694261180263068
2021-10-15,0.7662467370853095
2021-10-18,0.7568317440399418
2021-10-19,0.7212026863398797
2021-10-20,0.7831171710262803
2021-10-21,0.7793475781294027
2021-10-22,0.7764788793174251
2021-10-25,0.7440507026063098
2021-10-26,0.7488389703917392
2021-10-27,0.7470240223800306
2021-10-28,0.7452222070688254
2021-10-29,0.7511322835632989
2021-11-01,0.7458661352625162
2021-11-02,0.774013370037114
2021-11-03,0.7675592271571777
2021-11-04,0.7657511637738794
2021-11-05,0.7751579556987256
2021-11-08,0.7371999490422412
2021-11-09,0.7422409391633559
2021-11-10,0.7706521815416036
2021-11-11,0.7686344828956944
2021-11-12,0.7442671108118369
2021-11-15,0.7046123672452888
2021-11-16,0.7766115601341155
2021-11-17,0.7951208190117437
2021-11-18,0.7762243549841752
2021-11-19,0.7671686060445322
2021-11-22,0.7080109796990769
2021-11-23,0.706439772798627
2021-11-24,0.6823043288247875
2021-11-26,0.7485871826010292
2021-11-29,0.813535044662837
2021-11-30,0.8044921515905777
2021-12-01,0.8131305568676019
2021-12-02,0.7842974355765436
2021-12-03,0.9266706785345793
2021-12-06,0.9434431748725918
2021-12-07,0.9677904185399597
2021-12-08,0.9398387824775539
2021-12-09,0.943054158156538
2021-12-10,0.9449488276949363
2021-12-13,0.9362988488905903
2021-12-14,0.9466162532118443
2021-12-15,0.9888577894615843
2021-12-16,0.9868046733619906
2021-12-17,0.9847642927149267
2021-12-20,0.9827365163996559
2021-12-21,1.036631851311202
2021-12-22,1.0084784091253571
2021-12-23,1.0216917273937605
2021-12-27,1.0029086483525163
2021-12-28,0.9766320087138609
2021-12-29,1.042055632712056
2021-12-30,1.1050522834208876
2021-12-31,1.1002138309850016
2022-01-03,1.0845007041058563
2022-01-04,1.0301135589064532
2022-01-05,1.0172812139768357
2022-01-06,1.0127128850419338
2022-01-07,1.1160107985855932
2022-01-10,1.0899833988032566
2022-01-11,1.0869944753733898
2022-01-12,1.0457810883677687
2022-01-13,1.0630432401239194
2022-01-14,1.018012189645693
2022-01-18,1.0679100190913544
2022-01-19,1.0050089624305112
2022-01-20,1.095202337434234
2022-01-21,1.0944939561740352
2022-01-24,1.054829205199095
2022-01-25,1.0220322942620508
2022-01-26,1.0566159770285812
2022-01-27,1.0333453532474615
2022-01-28,1.0509499419093045
2022-01-31,0.9464975489497084
2022-02-01,0.9403482270984558
2022-02-02,0.9881148179264967
2022-02-03,0.9847876993229128
2022-02-04,0.9437423926358703
2022-02-07,0.9152926631368482
2022-02-08,0.8396474795404724
2022-02-09,0.8003879230605145
2022-02-10,0.8226362177356973
2022-02-11,0.8233496522629797
2022-02-14,0.9148844458534088
2022-02-15,0.961531225462618
2022-02-16,1.157182898076317
2022-02-17,0.8691803461769871
2022-02-18,0.8645981419266505
2022-02-22,0.8095616803091167
2022-02-23,0.7982740575792199
2022-02-24,0.9589109606736838
2022-02-25,0.8773104156894053
2022-02-28,0.9014546261231898
2022-03-01,0.8996676410619024
2022-03-02,1.097207154015397
2022-03-03,1.014879636416377
2022-03-04,0.9118299985631242
2022-03-07,0.9063710053482307
2022-03-08,0.9120087454838696
2022-03-09,0.8537836648970702
2022-03-10,0.8322272693490622
2022-03-11,0.7860078219767703
2022-03-14,0.636350320761616
2022-03-15,0.4051669854845583
2022-03-16,0.426901706335837
2022-03-17,0.5027664677692129
2022-03-18,0.3053626270768855
2022-03-21,0.3960136817899124
2022-03-22,0.4889869743980618
2022-03-23,0.4563343776250258
2022-03-24,0.4655258354561807
2022-03-25,0.5836331416798244
2022-03-28,0.5349342455374754
2022-03-29,0.4550075039315601
2022-03-30,0.7001684691916931
2022-03-31,0.5417008349291228
2022-04-01,0.6619951612419591
2022-04-04,0.7061559692414984
2022-04-05,0.6882419164860716
2022-04-06,0.7516964240556929
2022-04-07,0.7553891733881681
2022-04-08,0.8402072141027401
2022-04-11,0.8048792998240113
2022-04-12,0.7891696150950303
2022-04-13,0.8020555503999874
2022-04-14,0.8107846590930288
2022-04-18,0.7872735275552318
2022-04-19,0.791176348852903
2022-04-20,0.8028247198405281
2022-04-21,0.7896154373684958
2022-04-22,0.7834594146554342
2022-04-25,0.7623810761195888
2022-04-26,0.696057385504165
2022-04-27,0.6226369946460351
2022-04-28,0.6076408161147767
2022-04-29,0.550176337549961
2022-05-02,0.6437075365841787
2022-05-03,0.5842089292024778
2022-05-04,0.5105058010040097
2022-05-05,0.5463590073557256
2022-05-06,0.5254580106148442
2022-05-09,0.5110288853445859
2022-05-10,0.5945253310007413
2022-05-11,0.7739557453256659
2022-05-12,0.6910262483689761
2022-05-13,0.8305163031433606
2022-05-16,0.8073619186196859
2022-05-17,0.8436303105880496
2022-05-18,0.7880949708449478
2022-05-19,0.7783820502824974
2022-05-20,0.7044177052847067
2022-05-23,0.788808092632115
2022-05-24,0.8194651322271519
2022-05-25,0.8461502434550475
2022-05-26,0.8470419220859067
2022-05-27,0.7984231670664446
2022-05-31,0.7576736051763142
2022-06-01,0.7557127281356597
2022-06-02,0.7535118441079204
2022-06-03,0.7468103804896727
2022-06-06,0.9457606528201588
2022-06-07,0.8429302283077496
2022-06-08,0.8159718704094633
2022-06-09,0.8216421656554264
2022-06-10,0.8043470640550069
2022-06-13,0.9028386976687357
2022-06-14,0.8872897649686555
2022-06-15,0.8924644859936355
2022-06-16,0.869977195232792
2022-06-17,0.8325805024326938
2022-06-21,0.7925419867107952
2022-06-22,0.8834913138824736
2022-06-23,1.1094001483993217
2022-06-24,1.1489203955540324
2022-06-27,1.5000539912005197
2022-06-28,1.3645436563518079
2022-06-29,1.4500379521557185
2022-06-30,1.4662053745868096
2022-07-01,1.4824556794641526
2022-07-05,1.4227151606916628
2022-07-06,1.4406628331308595
2022-07-07,1.3405844475175759
2022-07-08,1.195918974259203
2022-07-11,1.2655593222917993
2022-07-12,1.388577093235361
2022-07-13,1.4177235922953324
2022-07-14,1.2120196804525716
2022-07-15,1.4310338348553022
2022-07-18,1.2538238709657057
2022-07-19,1.1851218635351282
2022-07-20,1.2972202624379963
2022-07-21,1.2420376909319017
2022-07-22,1.2726315717938448
2022-07-25,1.0629560735788033
2022-07-26,1.225854922650792
2022-07-27,1.341618613442607
2022-07-28,1.3571705114045778
2022-07-29,1.2030586599278434
2022-08-01,1.0600340754100614
2022-08-02,1.2858375709019125
2022-08-03,1.2384015962550727
2022-08-04,1.168854738915401
2022-08-05,1.2414274403689447
2022-08-08,1.213673513640052
2022-08-09,1.2275248610214966
2022-08-10,1.2122832090052587
2022-08-11,1.15842948765813
2022-08-12,1.1492804846241436
2022-08-15,1.1462926774849083
2022-08-16,1.3082232879191837
2022-08-17,1.362355397179016
2022-08-18,1.3526321493963234
2022-08-19,1.3730143575535239
2022-08-22,1.3226932017793351
2022-08-23,1.6948725456458162
2022-08-24,1.6515192473744154
2022-08-25,1.6228321612635712
2022-08-26,1.6146817239253581
2022-08-29,1.6397780125580241
2022-08-30,1.6118212584399816
2022-08-31,1.6037267439937515
2022-09-01,1.6170191901831914
2022-09-02,1.6489876120979525
2022-09-06,1.611158505447541
2022-09-07,1.7381007036067377
2022-09-08,1.696407963319204
2022-09-09,1.7160128240338208
2022-09-12,1.6703494475128247
2022-09-13,1.607541549144782
2022-09-14,1.670285090608026
2022-09-15,1.6957714083311048
2022-09-16,1.7104839470834716
2022-09-19,1.7181214286190378
2022-09-20,1.5376865110024958
2022-09-21,1.5396055393914192
2022-09-22,1.5356845979605813
2022-09-23,1.5356845979605813
2022-09-26,1.5006207921724601
2022-09-27,1.5396979455741213
2022-09-28,1.5634267642134527
2022-09-29,1.5042210066914723
2022-09-30,1.5899927339198188
2022-10-03,1.703412208739054
2022-10-04,1.6387822818805935
2022-10-05,1.6737839159023689
2022-10-06,1.599210552699229
2022-10-07,1.6239309224798606
2022-10-10,1.6859940024777982
2022-10-11,1.6678329446853448
2022-10-12,1.6116617981737498
2022-10-13,1.6019565023173266
2022-10-14,1.62707081694123
2022-10-17,1.622028784033714
2022-10-18,1.6080945302868115
2022-10-19,1.6148127965904016
2022-10-20,1.5805666177875306
2022-10-21,1.5529695045909404
2022-10-24,1.5767999039821103
2022-10-25,1.6110948812168642
2022-10-26,1.589246393632611
2022-10-27,1.5970532121468448
2022-10-28,1.5995585813502569
2022-10-31,1.6405570545389536
2022-11-01,1.6377897891508628
2022-11-02,1.5944049888620269
2022-11-03,1.608792493390988
2022-11-04,1.6036032529841138
2022-11-07,1.6760037501292344
2022-11-08,1.631028977608761
2022-11-09,1.6670101490767235
2022-11-10,1.6536837701497937
2022-11-11,1.5997508332990744
2022-11-14,1.633289215507369
2022-11-15,1.6302442815784641
2022-11-16,1.617942997241234
2022-11-17,1.6047277405688127
2022-11-18,1.613730447288537
2022-11-21,1.6191714166613742
2022-11-22,1.6711189141776226
2022-11-23,1.6805694295952562
2022-11-25,1.722729203287717
2022-11-28,1.659155974744848
2022-11-29,1.6542908875036517
2022-11-30,1.6621833698992319
2022-12-01,1.88921024160792
2022-12-02,1.8315696178295164
2022-12-05,1.767633940543488
2022-12-06,1.7240396269621598
2022-12-07,1.7032178664061692
2022-12-08,1.7064165449602615
2022-12-09,1.7022635827777868
2022-12-12,1.6991579268209946
2022-12-13,1.707479865928372
2022-12-14,1.6799243687982208
2022-12-15,1.672136329176249
2022-12-16,1.6256180751476033
2022-12-19,1.6820456579776166
2022-12-20,1.6616124722432122
2022-12-21,1.636970387988266
2022-12-22,1.658217184340507
2022-12-23,1.6458117830113097
2022-12-27,1.6594980963824353
2022-12-28,1.6794505074811652
2022-12-29,1.6247397311823741
2022-12-30,1.5587841897708776
2023-01-03,1.5609638967524273
2023-01-04,1.5886879796702171
2023-01-05,1.652843996646088
2023-01-06,1.6056033361489972
2023-01-09,1.573512884015419
2023-01-10,1.5839496933658908
2023-01-11,1.6364148828965657
2023-01-12,1.6171633048247962
2023-01-13,1.5679969251431438
2023-01-17,1.6055018748256091
2023-01-18,1.6327224037976558
2023-01-19,1.6087353888614728
2023-01-20,1.607771811269613
2023-01-23,1.6165989581185476
2023-01-24,1.6598669906950603
2023-01-25,1.6007357760926244
2023-01-26,1.6274209565584752
2023-01-27,1.524237501099795
2023-01-30,1.571856244043912
2023-01-31,1.5697191399231447
2023-02-01,1.5284600078878143
2023-02-02,1.4272923628547451
2023-02-03,1.5336464332188164
2023-02-06,1.6663677962844623
2023-02-07,1.4603288372640162
2023-02-08,1.4725412589442286
2023-02-09,1.5209690688956654
2023-02-10,1.5069049820851939
2023-02-13,1.5125231330936662
2023-02-14,1.4782915345044454
2023-02-15,1.4544497395164835
2023-02-16,1.4488280163724236
2023-02-17,1.3804257446641106
2023-02-21,1.5522103986903624
2023-02-22,1.544918112907535
2023-02-23,1.57913551313557
2023-02-24,1.6010342231917696
2023-02-27,1.5030171613583165
2023-02-28,1.5205133140615248
2023-03-01,1.4544136797064966
2023-03-02,1.525001884006396
2023-03-03,1.4611055587622794
2023-03-06,1.5105592862651485
2023-03-07,1.5053235102675462
2023-03-08,1.4961318189861321
2023-03-09,1.4743633363529973
2023-03-10,1.4766599460725343
2023-03-13,1.5604263185592793
2023-03-14,1.5650396504642232
2023-03-15,1.692432125446862
2023-03-16,2.020449250150135
2023-03-17,1.9698170768086312
2023-03-20,1.8734896313951526
2023-03-21,2.1302500460386202
2023-03-22,2.057232132457995
2023-03-23,1.912369441292299
2023-03-24,1.9666414847357157
2023-03-27,1.960172127388141
2023-03-28,1.8208668318774888
2023-03-29,1.8998828426517118
2023-03-30,1.9466332319988922
2023-03-31,1.8527502616811742
2023-04-03,1.9377892874222242
2023-04-04,1.9020211616837321
2023-04-05,1.8298763852966136
2023-04-06,1.8292714733148805
2023-04-10,1.8383921149371787
2023-04-11,1.8504069494789253
2023-04-12,1.71365780838289
2023-04-13,1.7051856542991808
2023-04-14,1.7080262543123537
2023-04-17,1.8653704577530368
2023-04-18,1.8697847911242238
2023-04-19,1.8712581873089376
2023-04-20,1.8721421546496182
2023-04-21,1.8721421546496182
2023-04-24,1.8721421546496182
2023-04-25,1.8682795943083739
2023-04-26,1.8293230728000995
2023-04-27,1.7232371134468791
2023-04-28,1.8250109518570825
2023-05-01,1.8855896784353965
2023-05-02,1.946896851783389
2023-05-03,1.9114397404453156
2023-05-04,1.9281910487420113
2023-05-05,1.9556528916263753
2023-05-08,1.8853645526966425
2023-05-09,1.8636097177984592
2023-05-10,1.816975032515318
2023-05-11,1.8329292438435327
2023-05-12,1.6620184603975092
2023-05-15,1.7902116672997657
2023-05-16,1.6372139581081029
2023-05-17,1.6528015398415425
2023-05-18,1.7197370493991444
2023-05-19,1.6684971347944801
2023-05-22,1.7325752922153121
2023-05-23,1.7402836811032267
2023-05-24,1.651380754799776
2023-05-25,1.608490521490664
2023-05-26,1.578569068422547
2023-05-30,1.6442017285817578
2023-05-31,1.6588756299838767
2023-06-01,1.7152709776524302
2023-06-02,1.770952664232283
2023-06-05,1.792549993167702
2023-06-06,1.7227571275017948
2023-06-07,1.6030754478443927
2023-06-08,1.629974299960186
2023-06-09,1.6068338308714079
2023-06-12,1.7370555413550703
2023-06-13,1.7358757213062073
2023-06-14,1.572277136217753
2023-06-15,1.5783567949313329
2023-06-16,1.5650645684173663
2023-06-20,1.677219199637897
2023-06-21,1.612727060113796
2023-06-22,1.5484305740283542
2023-06-23,1.548401873448368
2023-06-26,1.477612148998146
2023-06-27,1.3284505189431892
2023-06-28,1.356512405966832
2023-06-29,1.2838280378882996
2023-06-30,1.2082457403187543
2023-07-03,1.26661911563685
2023-07-05,1.2942771936336077
2023-07-06,1.3749609216858365
2023-07-07,1.363797574151208
2023-07-10,1.4525453618592796
2023-07-11,1.444030501864695
2023-07-12,1.3533145083571303
2023-07-13,1.277980450940814
2023-07-14,1.3235201603850795
2023-07-17,1.6052784090451817
2023-07-18,1.5134421100266404
2023-07-19,1.729910750687181
2023-07-20,1.62574251201069
2023-07-21,1.5562390491155893
2023-07-24,1.644284852136949
2023-07-25,1.6098003307534472
2023-07-26,1.9522617198025674
2023-07-27,1.6961902909780389
2023-07-28,1.5834363852141393
2023-07-31,1.528056044475943
2023-08-01,1.5849986879630842
2023-08-02,1.8669842875428782
2023-08-03,1.7818541246865849
2023-08-04,1.7896397930192547
2023-08-07,1.8694625461321843
2023-08-08,1.8781042410620117
2023-08-09,1.9117857473781763
2023-08-10,1.9205181816093215
2023-08-11,1.9274641873137521
2023-08-14,2.0687177560959378
2023-08-15,2.0413093581499275
2023-08-16,2.121205030147793
2023-08-17,1.7809645716643523
2023-08-18,1.7474194871657356
2023-08-21,1.8566426090664334
2023-08-22,1.6849163333144417
2023-08-23,1.71002348454307
2023-08-24,1.7794891658437018
2023-08-25,1.8073787229923939
2023-08-28,1.8651993911297764
2023-08-29,1.8592194815190195
2023-08-30,1.8912698956411582
2023-08-31,1.8663479903954678
2023-09-01,1.846928722743461
2023-09-05,1.6952424898712724
2023-09-06,1.6117699732291102
2023-09-07,1.704016591683209
2023-09-08,1.673966141730435
2023-09-11,1.627313021439209
2023-09-12,1.6568666835932218
2023-09-13,1.7884440330649625
2023-09-14,1.757761515349086
2023-09-15,1.7766500224463184
2023-09-18,1.7822083729348752
2023-09-19,1.8513602423877422
2023-09-20,1.84334071386505
2023-09-21,1.8672696189287659
2023-09-22,1.8566486078935351
2023-09-25,1.847547764801084
2023-09-26,1.8438140708694302
2023-09-27,1.8079875967856103
2023-09-28,1.7438050981308046
2023-09-29,1.674018653639549
2023-10-02,1.7846218591761573
2023-10-03,1.7458448272080718
2023-10-04,1.6212647822161406
2023-10-05,1.6939308920874596
2023-10-06,1.7633096680209022
2023-10-09,1.74616582164872
2023-10-10,1.713886070561786
2023-10-11,1.6843970635095595
2023-10-12,1.72289348531327
2023-10-13,1.72197166029402
2023-10-16,1.7503855648198514
2023-10-17,1.6678836817571963
2023-10-18,1.6889862484697375
2023-10-19,1.7069846620805984
2023-10-20,1.7238393899016455
2023-10-23,1.704940537091665
2023-10-24,1.754271501153483
2023-10-25,1.6378492747030797
2023-10-26,1.7264759846640356
2023-10-27,1.7050699400299998
2023-10-30,1.592460995759552
2023-10-31,1.6295959096673323
2023-11-01,1.640887573683373
2023-11-02,1.5898762025790383
2023-11-03,1.6400622630416493
2023-11-06,1.4951058030352316
2023-11-07,1.4517043511889678
2023-11-08,1.2716015084718622
2023-11-09,1.4593994465116302
2023-11-10,1.3010870110237207
2023-11-13,1.5186194346718431
2023-11-14,1.4187698276059424
2023-11-15,1.5052623267517398
2023-11-16,1.6018697311486474
2023-11-17,1.5005722341474197
2023-11-20,1.6772801672270523
2023-11-21,1.6559766765018407
2023-11-22,1.726338865419828
2023-11-24,1.7112549962620014
2023-11-27,1.7367539670888765
2023-11-28,1.6329396060908408
2023-11-29,1.6390084948394876
2023-11-30,1.6038309583097368
2023-12-01,1.5921227789988124
2023-12-04,1.2721586473208277
2023-12-05,1.4076224779928321
2023-12-06,1.3863187996867024
2023-12-07,1.4330279366039091
2023-12-08,1.454999977470056
2023-12-11,1.5501991040438168
2023-12-12,1.5485955406891747
2023-12-13,1.5245565220144315
2023-12-14,1.387850640687471
2023-12-15,1.4258460089820462
2023-12-18,1.3687996937162419
2023-12-19,1.444507394531894
2023-12-20,1.4203775594292394
2023-12-21,1.4562275937787443
2023-12-22,1.404937113491967
2023-12-26,1.4148100035293318
2023-12-27,1.3605738056839531
2023-12-28,1.3867672770447708
2023-12-29,1.3831079581454249
2024-01-02,1.40477075318828
2024-01-03,1.4329929980062586
2024-01-04,1.456484827131215
2024-01-05,1.4188867121090523
2024-01-08,1.3203130262755656
2024-01-09,1.3696393037249126
2024-01-10,1.4580980754198694
2024-01-11,1.4645412701502947
2024-01-12,1.3663259922704274
2024-01-16,1.5300091910409468
2024-01-17,1.6604887702220035
2024-01-18,1.6465444090813475
2024-01-19,1.4518563622655134
2024-01-22,1.532791946572472
2024-01-23,1.5311124868170631
2024-01-24,1.441847452098381
2024-01-25,1.3931210300105465
2024-01-26,1.4773559478119298
2024-01-29,1.510522455779956
2024-01-30,1.5166932079979492
2024-01-31,1.46470809204063
2024-02-01,1.4539791850278503
2024-02-02,1.5231284728569423
2024-02-05,1.6228564521456914
2024-02-06,1.5961418714267053
2024-02-07,1.3580712585058294
2024-02-08,1.5599166826128859
2024-02-09,1.589934498675331
2024-02-12,1.5859259627535351
2024-02-13,1.709374681807936
2024-02-14,1.6810263072936724
2024-02-15,1.6211201926743466
2024-02-16,1.7213849584908953
2024-02-20,1.8484892973964306
2024-02-21,1.7781854369781462
2024-02-22,1.8537640728208766
2024-02-23,1.8743053559247564
2024-02-26,1.9449641050148863
2024-02-27,1.8936544773180153
2024-02-28,1.9678094409029867
2024-02-29,2.0086049734291285
2024-03-01,1.9409297215402583
2024-03-04,1.8950296931666637
2024-03-05,2.014816010293778
2024-03-06,2.062176352331598
2024-03-07,2.0970957400927253
2024-03-08,1.9063293703581858
2024-03-11,1.9573289584823752
2024-03-12,1.9455413936743748
2024-03-13,1.8899522338269659
2024-03-14,1.9385176133305424
2024-03-15,2.0030327413772997
2024-03-18,1.9415625142444424
2024-03-19,1.986853727178686
2024-03-20,1.9524624006617126
2024-03-21,1.9369206226632563
2024-03-22,1.9647082135994018
2024-03-25,1.9344379573840846
2024-03-26,1.9689543318013896
2024-03-27,1.9233960426057042
2024-03-28,1.9753573108627955
2024-04-01,1.8898282919548168
2024-04-02,1.948704948953702
2024-04-03,1.9274884696635517
2024-04-04,1.939240683367249
2024-04-05,1.9656857704164306
2024-04-08,1.9441189836822088
2024-04-09,1.9201946918848327
2024-04-10,1.8503996336826947
2024-04-11,1.8467963737650184
2024-04-12,1.8074419666301063
2024-04-15,1.7333072357158668
2024-04-16,1.744886358191412
2024-04-17,1.7712436749672376
2024-04-18,1.8212385976438852
2024-04-19,1.8855606426362495
2024-04-22,1.8592261879894307
2024-04-23,1.8076172310280603
2024-04-24,1.8029732791915414
2024-04-25,1.7730306089093821
2024-04-26,1.9506079682588264
2024-04-29,1.9367320579408407
2024-04-30,2.0635943545503865
2024-05-01,2.0013207309764534
2024-05-02,1.8596440188014984
2024-05-03,1.8321678105601507
2024-05-06,1.8206051351728978
2024-05-07,1.8374211857111433
2024-05-08,1.9027427110997968
2024-05-09,1.9511437033995158
2024-05-10,2.1046643762182304
2024-05-13,2.1566985155315326
2024-05-14,2.0662802708958643
2024-05-15,1.9961362164727783
2024-05-16,2.0889585433800697
2024-05-17,2.1091395490641873
2024-05-20,2.001592472548339
2024-05-21,2.0779242151443706
2024-05-22,1.997647910884483
2024-05-23,2.114167322773527
2024-05-24,2.1354144341350985
2024-05-28,2.1728186740374857
2024-05-29,2.137305143819619
2024-05-30,2.056846616741804
2024-05-31,2.110218032704305
2024-06-03,2.08518272541433
2024-06-04,2.05728222048536
2024-06-05,2.0287424580509428
2024-06-06,2.1087744268711663
2024-06-07,2.0539308305827126
2024-06-10,2.1094866275048254
2024-06-11,2.1617816234904232
2024-06-12,2.017794729009731
2024-06-13,2.0076860804904544
2024-06-14,2.110921269784356
2024-06-17,2.135016881399366
2024-06-18,2.2392512959860773
2024-06-20,2.1405523043832453
2024-06-21,2.2123421178796923
2024-06-24,2.2922000176728985
2024-06-25,2.314994646506833
2024-06-26,2.144439211166904
2024-06-27,2.2857191209468732
2024-06-28,2.281356531570634
2024-07-01,2.3213025931972098
2024-07-02,2.22427895443643
2024-07-03,2.259368783613673
2024-07-05,2.1165305101498175
2024-07-08,2.2454207328942624
2024-07-09,2.5077684294179345
2024-07-10,2.5852839368928624
2024-07-11,2.477405767610978
2024-07-12,2.502778329704586
2024-07-15,2.540825601346498
2024-07-16,2.5641640231029124
2024-07-17,2.513050803549545
2024-07-18,2.4743977730840916
2024-07-19,2.474531875095306
2024-07-22,2.559687266499801
2024-07-23,2.503285174992226
2024-07-24,2.4182925014128696
2024-07-25,2.4096231650811695
2024-07-26,2.472027610000844
2024-07-29,2.4453665580159347
2024-07-30,2.415275766770507
2024-07-31,2.6210643186101596
2024-08-01,2.810447759258607
2024-08-02,2.714309528042069
2024-08-05,2.6823305943458653
2024-08-06,2.343591987644516
2024-08-07,2.5018973229276473
2024-08-08,2.6073455496641715
2024-08-09,2.6649040305029787
2024-08-12,2.693951898483989
2024-08-13,2.5064988543436133
2024-08-14,2.4403843984025873
2024-08-15,2.6108460915372116
2024-08-16,2.4899392633733886
2024-08-19,2.6008896657923373
2024-08-20,2.4630740360470793
2024-08-21,2.317442006029679
2024-08-22,2.5900470266710984
2024-08-23,2.5640698161087445
2024-08-26,2.4549802702142416
2024-08-27,2.4723464870669933
2024-08-28,2.4617311411448157
2024-08-29,2.495321394507006
2024-08-30,2.4865224909536927
2024-09-03,2.6677155864827076
2024-09-04,2.6929766199393455
2024-09-05,2.878758696565854
2024-09-06,2.8335646487116346
2024-09-09,2.9325220387042368
2024-09-10,2.8582790710012778
2024-09-11,2.832316128931564
2024-09-12,2.8039080007403636
2024-09-13,2.808399507374868
2024-09-16,2.8543763596391
2024-09-17,2.8523002703570284
2024-09-18,2.906568572889428
2024-09-19,2.791355855333928
2024-09-20,2.831380442509348
2024-09-23,2.8118386213323996
2024-09-24,2.622813248131155
2024-09-25,2.6937760877280748
2024-09-26,2.822513787316748
2024-09-27,2.6003078057771454
2024-09-30,2.50802908061928
2024-10-01,2.5532064217516073
2024-10-02,2.585697577071
2024-10-03,2.4635525938702263
2024-10-04,2.46148735380039
2024-10-07,2.438179302645256
2024-10-08,2.476379306943121
2024-10-09,2.4829225247848616
2024-10-10,2.6371437559836504
2024-10-11,2.505235460882323
2024-10-14,2.4913046975120507
2024-10-15,2.565315592180371
2024-10-16,2.6103854486887066
2024-10-17,2.8112893244563377
2024-10-18,2.8661814441008984
2024-10-21,2.5907706699145185
2024-10-22,2.588436298207484
2024-10-23,2.607208423476307
2024-10-24,2.6199111211679087
2024-10-25,2.693589560602484
2024-10-28,2.6222030806703054
2024-10-29,2.7850769947463205
2024-10-30,2.907899299426345
2024-10-31,2.8560581779968595
2024-11-01,2.88594159118529
2024-11-04,2.9766766893050827
2024-11-05,2.841710009851085
2024-11-06,3.0791315070354637
2024-11-07,3.0485870257198067
2024-11-08,3.0377516431494422
2024-11-11,2.997079771870459
2024-11-12,3.0512001869552234
2024-11-13,2.911474914313551
2024-11-14,3.1640840311564387
2024-11-15,3.145169768371343
2024-11-18,3.0313411258746474
2024-11-19,3.0184968498819678
2024-11-20,2.9459795818128285
2024-11-21,2.9595319371362456
2024-11-22,2.9901236890488034
2024-11-25,2.98761332959997
2024-11-26,2.963445662056922
2024-11-27,3.0224847991392836
2024-11-29,3.0336196263277375
2024-12-02,3.0293149715095073
2024-12-03,2.9778109150112675
2024-12-04,3.0221989755377043
2024-12-05,3.011563762933105
2024-12-06,3.01459553532401
2024-12-09,3.0875610252906935
2024-12-10,3.1809060518003314
2024-12-11,3.022536385230731
2024-12-12,3.0124813903958545
2024-12-13,2.941499928912821
2024-12-16,3.1026353921670404
2024-12-17,3.0377171638534923
2024-12-18,3.079630025911269
2024-12-19,3.1275834732776175
2024-12-20,3.114734825062323
2024-12-23,3.095291496112463
2024-12-24,3.0767899264705596
2024-12-26,3.2173338664497724
2024-12-27,3.2243442197439163
2024-12-30,3.301028991599829
2024-12-31,3.363807062585845
2025-01-02,3.3507565173358147
2025-01-03,3.3250046222310843
2025-01-06,3.3350312192866913
2025-01-07,3.338411844473576
2025-01-08,3.419754599394819
2025-01-10,3.4374171512620033
2025-01-13,3.4091645959797674
2025-01-14,3.4060110124704455
2025-01-15,3.5164199413735
2025-01-16,3.4498208079826163
2025-01-17,3.407294231175698
2025-01-21,3.4896321961221375
2025-01-22,3.522400391452955
2025-01-23,3.6027769492808215
2025-01-24,3.634817800756153
2025-01-27,3.5563060244652713
2025-01-28,3.538205707629892
2025-01-29,3.550520871802647
2025-01-30,3.517820595744151
2025-01-31,3.533707930696182
2025-02-03,3.559350643721302
2025-02-04,3.702951550441472
2025-02-05,3.684004159166178
2025-02-06,3.6291131341055594
2025-02-07,3.605649506269525
2025-02-10,3.6028480825878173
2025-02-11,3.6745679509928464
2025-02-12,3.6525572413480107
2025-02-13,3.677339674956163
2025-02-14,3.61268562810973
2025-02-18,3.7179434707867305
2025-02-19,3.8301315958847075
2025-02-20,3.6989385915054354
2025-02-21,3.7108165600128205
2025-02-24,3.7781938785670603
2025-02-25,3.7703760343687187
2025-02-26,3.825583012985299
2025-02-27,3.775971458681859
2025-02-28,3.803066301441852
2025-03-03,3.774911867094744
2025-03-04,3.8168945558656384
2025-03-05,3.8913524315301182
2025-03-06,3.9644772469182494
2025-03-07,3.8917183448212027
2025-03-10,3.9240079543001127
2025-03-11,3.9885462041262665
2025-03-12,4.121087047462695
2025-03-13,4.039733851791245
2025-03-14,4.12153542844837
2025-03-17,4.082883046293386
2025-03-18,4.13537087052154
2025-03-19,4.032067198136131
2025-03-20,4.1407597512712595
2025-03-21,4.140315618124727
2025-03-24,4.199902172700717
2025-03-25,4.116777012733
2025-03-26,4.141710507413731
2025-03-27,4.170375699715255
2025-03-28,4.17961388461032
2025-03-31,4.248755292495735
2025-04-01,4.182509996464974
2025-04-02,4.234726853740981
2025-04-03,4.231823528762915
2025-04-04,4.192711923998298
2025-04-07,4.193546130049668
2025-04-08,4.284138824262468
2025-04-09,4.3857278952122005
2025-04-10,4.273524977195717
2025-04-11,4.318029838721318
2025-04-14,4.396884308325702
2025-04-15,4.405436915840908
2025-04-16,4.485626836050261
2025-04-17,4.483271058235146
2025-04-21,4.505277650520307
2025-04-22,4.560978389058497
2025-04-23,4.544361275147481
2025-04-24,4.577233642328705
2025-04-25,4.6056645455874765
2025-04-28,4.617592835282732
2025-04-29,4.701461968582954
2025-04-30,4.663344734118889
2025-05-01,4.7567665644263295
2025-05-02,4.6763947617770665
2025-05-05,4.674212708591821
2025-05-06,4.697414682863378
2025-05-07,4.672445460783701
2025-05-08,4.711707113543962
2025-05-09,4.739957131814025
2025-05-12,4.7642628943927825
2025-05-13,4.760035374899736
2025-05-14,4.691960710337843
2025-05-15,4.724680471119828
2025-05-16,4.724225344577072
2025-05-19,4.783397927025269
2025-05-20,4.800272452231554
2025-05-21,4.8328138497123705
2025-05-22,4.843899045354347
2025-05-23,4.852697627333429
2025-05-27,4.899929125928131
2025-05-28,4.972431651548264
2025-05-29,5.069468993447551
2025-05-30,5.052632724872697
2025-06-02,5.125753734151875
2025-06-03,5.004505703155363
2025-06-04,5.0515592828354965
2025-06-05,5.0596671788592325
2025-06-06,5.0460527405582
2025-06-09,5.014464453735303
2025-06-10,5.021616923541392
2025-06-11,5.101193640165717
2025-06-12,5.110565107497687
2025-06-13,5.129400854547696
2025-06-16,5.133106188878658
2025-06-17,5.183970452144173
2025-06-18,5.17354467763308
2025-06-20,5.192880639530414
2025-06-23,5.188654515978599
2025-06-24,5.269250446248526
2025-06-25,5.184785756434784
2025-06-26,5.270215690416377
2025-06-27,5.225248924493511
2025-06-30,5.304173940586522
2025-07-01,5.253973510836084
2025-07-02,5.264283253768687
2025-07-03,5.252148692921677
2025-07-07,5.309838076240545
2025-07-08,5.299656911083685
2025-07-09,5.341572136325635
2025-07-10,5.270288001020443
2025-07-11,5.126046239588899
2025-07-14,5.1198205362489935
2025-07-15,5.26878598206907
2025-07-16,5.241906675671454
2025-07-17,5.254210115564727
2025-07-18,5.257824998237323
2025-07-21,5.283664883528553
2025-07-22,5.328668838330927
2025-07-23,5.302970762630634
2025-07-24,5.303755109308321
2025-07-25,5.350291666941293
2025-07-28,5.3883569713576875
2025-07-29,5.316101096404666
2025-07-30,5.259848575714404
2025-07-31,5.3677395245129915
2025-08-01,5.384050713371964
2025-08-04,5.2348122574415425
2025-08-05,5.206519001782819
2025-08-06,5.260415227207148
2025-08-07,5.2076996850104615
2025-08-08,5.5287058129644295
2025-08-11,5.4353119031522095
2025-08-12,5.415958547618193
2025-08-13,5.376336216323635
2025-08-14,5.335338048744211
2025-08-15,5.344647508287742
2025-08-18,5.454782090531857
2025-08-19,5.317837673200734
2025-08-20,5.42279798218028
2025-08-21,5.397342791505564
2025-08-22,5.426378889625991
2025-08-25,5.487303707434089
2025-08-26,5.406236185831733
2025-08-27,5.387025559989554
2025-08-28,5.4556536172130246
2025-08-29,5.387147217851874
2025-09-02,5.424270390222929
2025-09-03,5.396882762276826
2025-09-04,5.378083852365349
2025-09-05,5.3333901073742895
2025-09-08,5.332950431437133
2025-09-09,5.311753001936941
2025-09-10,5.379650965301021
2025-09-11,5.242653648194269
2025-09-12,5.300711452263735
2025-09-15,5.3937111005293215
2025-09-16,5.406335626681886
2025-09-17,5.349022635482417
2025-09-18,5.346326963944898
2025-09-19,5.324802389543305
2025-09-22,5.228825992608986
2025-09-23,5.2585679648226575
2025-09-24,5.342319214035466
2025-09-25,5.440286498828493
2025-09-26,5.675235792659178
2025-09-29,5.59163114864699
2025-09-30,5.4081884925940304
2025-10-01,5.630944875221884
2025-10-02,5.67091625785574
2025-10-03,5.739628253168289
2025-10-06,5.586564695323904
2025-10-07,5.793571247729953
2025-10-08,5.838850935345981
2025-10-09,5.85863044980779
2025-10-10,5.842369187542608
2025-10-13,5.808884519742045
2025-10-14,5.763929111899436
2025-10-15,5.872398878890282
2025-10-16,5.890182633911682
2025-10-17,5.8628565483949355
2025-10-20,5.7447704318666055
2025-10-21,5.7122365605996555
2025-10-22,5.612179337254963
2025-10-23,6.0116679520510035
2025-10-24,6.081241147903605
2025-10-27,6.0908039414983275
2025-10-28,6.140279149982796
2025-10-29,6.067036198286629
2025-10-30,6.1566765336063805
2025-10-31,6.087579848815158
2025-11-03,6.024541414883864
2025-11-04,6.117038211477587
2025-11-05,6.134879909214889
2025-11-06,6.083192222281977
2025-11-07,6.288845892985152
2025-11-10,6.11958671062908
2025-11-11,6.303209351405047
2025-11-12,6.3628905003039335
2025-11-13,6.409054421848357
2025-11-14,6.453841763178784
2025-11-17,6.411115848609844
2025-11-18,6.392852351220308
2025-11-19,6.358399828904942
2025-11-20,6.5541872602501625
2025-11-21,6.580687114837153
2025-11-24,6.49813105505164
2025-11-25,6.561210926162055
2025-11-26,6.4782132632619955
2025-11-28,6.445881322596006
2025-12-01,6.514912745423388
2025-12-02,6.499568450973926
2025-12-03,6.488749742538696
2025-12-04,6.460488330942323
2025-12-05,6.596586575120739
2025-12-08,6.547097801412212
2025-12-09,6.5868417157761305
2025-12-10,6.52093668624859
2025-12-11,6.431857599698321
2025-12-12,6.259164977085596
2025-12-15,6.434881712346093
2025-12-16,6.494031911749937
2025-12-17,6.692599812086191
2025-12-18,6.631923926746291
2025-12-19,6.690145486600365
2025-12-22,6.668712535215595
2025-12-23,6.621095536435324
2025-12-24,6.649176765064125
2025-12-26,6.701175796739749
2025-12-29,6.732216592592607
2025-12-30,6.636257656532194
